-56.76,71.21,0.00,1.00
-152.40,52.29,0.00,1.00
88.20,-66.90,0.00,1.00
39.02,14.38,0.00,1.00
-82.38,93.72,0.00,1.00
52.99,-47.43,0.00,1.00
-133.93,72.06,0.00,1.00
-130.21,41.95,0.00,1.00
-58.18,74.97,0.00,1.00
127.74,-114.61,0.00,1.00
-125.29,143.61,0.00,1.00
59.91,-32.81,0.00,1.00
-84.21,103.14,0.00,1.00
21.54,32.74,0.00,1.00
44.52,18.87,0.00,1.00
90.25,-87.63,0.00,1.00
110.36,-71.72,0.00,1.00
-141.23,61.31,0.00,1.00
-103.92,118.26,0.00,1.00
-136.13,177.94,0.00,1.00
54.32,-7.90,0.00,1.00
-77.70,104.15,0.00,1.00
71.36,-84.71,0.00,1.00
119.00,-107.90,0.00,1.00
-133.46,36.97,0.00,1.00
-95.27,105.19,0.00,1.00
103.14,-107.36,0.00,1.00
40.96,-2.15,0.00,1.00
127.45,-116.21,0.00,1.00
83.19,-54.43,0.00,1.00
-98.14,101.02,0.00,1.00
-111.90,3.41,0.00,1.00
41.63,-16.09,0.00,1.00
-127.09,35.17,0.00,1.00
-115.10,40.74,0.00,1.00
-106.14,7.01,0.00,1.00
-109.30,109.26,0.00,1.00
-80.48,7.14,0.00,1.00
-127.60,144.52,0.00,1.00
-76.18,91.02,0.00,1.00
130.65,-106.72,0.00,1.00
-95.66,100.23,0.00,1.00
-94.86,109.04,0.00,1.00
-80.32,97.23,0.00,1.00
-95.28,7.81,0.00,1.00
72.11,-50.26,0.00,1.00
-169.16,103.52,0.00,1.00
-90.79,103.35,0.00,1.00
-118.11,35.51,0.00,1.00
-130.59,151.72,0.00,1.00
73.16,-50.51,0.00,1.00
-110.08,2.74,0.00,1.00
-65.25,76.05,0.00,1.00
109.60,-96.64,0.00,1.00
-62.02,-31.04,0.00,1.00
-109.63,34.10,0.00,1.00
89.09,-69.27,0.00,1.00
-75.77,117.47,0.00,1.00
-208.51,136.92,0.00,1.00
131.07,-121.58,0.00,1.00
-104.75,108.17,0.00,1.00
-72.21,74.78,0.00,1.00
96.76,-74.61,0.00,1.00
34.73,10.97,0.00,1.00
104.24,-89.68,0.00,1.00
-133.64,157.50,0.00,1.00
-140.35,47.61,0.00,1.00
-82.80,2.81,0.00,1.00
32.49,23.11,0.00,1.00
-141.97,175.08,0.00,1.00
-118.50,44.05,0.00,1.00
-131.18,38.53,0.00,1.00
-94.77,12.44,0.00,1.00
97.62,-92.57,0.00,1.00
-97.98,128.92,0.00,1.00
79.48,-54.32,0.00,1.00
64.65,-12.86,0.00,1.00
-95.11,108.64,0.00,1.00
-167.50,73.99,0.00,1.00
80.54,-36.55,0.00,1.00
-93.33,99.32,0.00,1.00
114.57,-108.80,0.00,1.00
-36.61,42.11,0.00,1.00
55.38,-19.79,0.00,1.00
-112.88,1.82,0.00,1.00
113.22,-65.01,0.00,1.00
-118.61,20.15,0.00,1.00
-158.03,98.68,0.00,1.00
87.65,-67.32,0.00,1.00
-97.49,124.03,0.00,1.00
112.89,-104.10,0.00,1.00
-73.14,-5.28,0.00,1.00
61.70,-27.70,0.00,1.00
109.52,-91.96,0.00,1.00
53.32,-34.85,0.00,1.00
-78.85,-51.70,0.00,1.00
83.88,-44.68,0.00,1.00
158.28,-169.78,0.00,1.00
-137.93,171.45,0.00,1.00
-62.61,60.01,0.00,1.00
-118.24,32.69,0.00,1.00
94.37,-70.53,0.00,1.00
25.71,9.15,0.00,1.00
-88.24,95.81,0.00,1.00
-87.59,112.63,0.00,1.00
76.77,-18.30,0.00,1.00
-68.42,78.20,0.00,1.00
-115.33,20.14,0.00,1.00
-68.77,-25.04,0.00,1.00
-117.84,49.86,0.00,1.00
-93.70,93.45,0.00,1.00
-169.13,83.63,0.00,1.00
-78.93,-64.16,0.00,1.00
-129.63,30.85,0.00,1.00
-74.64,-31.61,0.00,1.00
-108.04,38.63,0.00,1.00
-121.13,144.16,0.00,1.00
-49.24,52.34,0.00,1.00
-124.18,22.44,0.00,1.00
-98.57,84.89,0.00,1.00
-68.12,-1.42,0.00,1.00
55.66,-8.70,0.00,1.00
108.16,-102.79,0.00,1.00
-134.58,48.36,0.00,1.00
-24.26,31.41,0.00,1.00
-108.72,125.23,0.00,1.00
27.62,9.86,0.00,1.00
53.82,-24.09,0.00,1.00
-97.04,110.62,0.00,1.00
50.78,-4.70,0.00,1.00
-93.37,-28.72,0.00,1.00
-76.84,103.60,0.00,1.00
-104.20,143.70,0.00,1.00
-91.22,17.20,0.00,1.00
-62.45,62.14,0.00,1.00
57.93,-18.22,0.00,1.00
-57.72,60.09,0.00,1.00
112.30,-97.98,0.00,1.00
87.46,-71.38,0.00,1.00
99.78,-99.24,0.00,1.00
-137.30,175.65,0.00,1.00
-117.46,115.63,0.00,1.00
-112.60,146.42,0.00,1.00
87.35,-85.87,0.00,1.00
-110.90,43.88,0.00,1.00
-107.85,-8.49,0.00,1.00
154.43,-140.12,0.00,1.00
59.24,-34.12,0.00,1.00
-64.87,74.36,0.00,1.00
-123.47,59.54,0.00,1.00
-100.17,14.12,0.00,1.00
-168.17,82.39,0.00,1.00
-61.46,-32.35,0.00,1.00
-90.43,120.25,0.00,1.00
78.47,-64.89,0.00,1.00
-155.14,64.68,0.00,1.00
24.05,10.99,0.00,1.00
-132.18,69.34,0.00,1.00
-177.44,230.00,0.00,1.00
-82.68,85.32,0.00,1.00
-64.75,-40.80,0.00,1.00
-97.60,-8.77,0.00,1.00
-104.40,42.90,0.00,1.00
-182.11,109.46,0.00,1.00
-74.86,64.08,0.00,1.00
-111.88,133.49,0.00,1.00
-76.54,52.81,0.00,1.00
-85.25,81.28,0.00,1.00
-79.30,75.56,0.00,1.00
64.67,-39.88,0.00,1.00
-79.31,80.32,0.00,1.00
70.32,-25.56,0.00,1.00
67.10,-28.78,0.00,1.00
105.30,-79.09,0.00,1.00
34.97,-15.64,0.00,1.00
-148.94,164.78,0.00,1.00
96.95,-41.39,0.00,1.00
107.26,-118.61,0.00,1.00
25.97,10.42,0.00,1.00
-50.83,90.56,0.00,1.00
-131.37,33.00,0.00,1.00
-91.59,1.90,0.00,1.00
-119.05,25.85,0.00,1.00
97.04,-55.12,0.00,1.00
-68.74,-34.69,0.00,1.00
104.77,-73.31,0.00,1.00
-99.07,0.46,0.00,1.00
-84.59,-2.15,0.00,1.00
-115.62,127.59,0.00,1.00
-113.41,21.99,0.00,1.00
-124.76,175.83,0.00,1.00
51.50,0.20,0.00,1.00
-81.90,76.35,0.00,1.00
-92.13,2.13,0.00,1.00
-84.34,-21.82,0.00,1.00
140.19,-140.72,0.00,1.00
-103.54,31.67,0.00,1.00
-127.35,42.60,0.00,1.00
-81.73,-8.72,0.00,1.00
-155.92,71.15,0.00,1.00
-77.25,-48.69,0.00,1.00
-132.52,35.22,0.00,1.00
78.16,-32.11,0.00,1.00
-97.82,101.52,0.00,1.00
-168.60,84.55,0.00,1.00
-71.95,-16.32,0.00,1.00
-102.28,112.18,0.00,1.00
97.85,-47.11,0.00,1.00
-81.49,109.40,0.00,1.00
80.94,-34.37,0.00,1.00
-134.91,51.09,0.00,1.00
-92.57,118.11,0.00,1.00
108.66,-87.36,0.00,1.00
-91.55,80.11,0.00,1.00
-89.01,-14.49,0.00,1.00
-58.19,84.78,0.00,1.00
-117.39,120.05,0.00,1.00
-122.02,131.13,0.00,1.00
-88.13,95.68,0.00,1.00
138.42,-113.00,0.00,1.00
-139.74,60.08,0.00,1.00
35.69,-18.78,0.00,1.00
-132.31,164.82,0.00,1.00
-78.06,60.82,0.00,1.00
124.95,-81.93,0.00,1.00
27.93,33.18,0.00,1.00
-148.88,79.66,0.00,1.00
42.49,-14.28,0.00,1.00
-84.46,102.43,0.00,1.00
117.85,-93.11,0.00,1.00
-60.30,62.93,0.00,1.00
-110.91,9.96,0.00,1.00
-117.80,22.07,0.00,1.00
104.02,-68.05,0.00,1.00
-147.88,185.40,0.00,1.00
-68.05,76.51,0.00,1.00
-172.40,87.98,0.00,1.00
-59.30,72.31,0.00,1.00
-84.32,107.15,0.00,1.00
-110.36,116.24,0.00,1.00
76.25,-76.00,0.00,1.00
-122.83,139.24,0.00,1.00
36.00,2.98,0.00,1.00
38.51,-10.20,0.00,1.00
-77.64,98.26,0.00,1.00
-41.78,63.21,0.00,1.00
70.28,-55.80,0.00,1.00
67.08,-37.16,0.00,1.00
-43.35,-60.68,0.00,1.00
-140.84,86.46,0.00,1.00
-108.38,26.31,0.00,1.00
96.44,-84.93,0.00,1.00
-130.03,21.63,0.00,1.00
53.37,-19.40,0.00,1.00
-188.91,83.55,0.00,1.00
121.79,-90.15,0.00,1.00
-100.63,117.22,0.00,1.00
-67.06,86.30,0.00,1.00
-110.96,11.97,0.00,1.00
-119.88,125.48,0.00,1.00
74.43,-44.72,0.00,1.00
-69.84,58.91,0.00,1.00
-146.25,49.96,0.00,1.00
-84.13,10.41,0.00,1.00
77.28,-70.22,0.00,1.00
-85.04,107.40,0.00,1.00
-126.40,136.96,0.00,1.00
-95.41,88.47,0.00,1.00
-82.93,-26.29,0.00,1.00
-53.77,45.37,0.00,1.00
96.39,-68.71,0.00,1.00
-61.12,-44.72,0.00,1.00
104.32,-77.72,0.00,1.00
-34.67,45.17,0.00,1.00
-43.67,38.23,0.00,1.00
49.52,-0.53,0.00,1.00
-65.12,74.27,0.00,1.00
-27.86,3.91,0.00,1.00
-77.26,-18.15,0.00,1.00
-127.04,43.23,0.00,1.00
-142.16,165.34,0.00,1.00
-108.20,136.12,0.00,1.00
-104.79,105.84,0.00,1.00
-47.80,68.31,0.00,1.00
-74.12,67.97,0.00,1.00
-92.24,97.76,0.00,1.00
-76.93,-29.81,0.00,1.00
23.39,9.74,0.00,1.00
76.43,-31.92,0.00,1.00
128.98,-88.46,0.00,1.00
-42.06,15.41,0.00,1.00
-123.87,146.50,0.00,1.00
-75.43,-34.12,0.00,1.00
123.63,-120.49,0.00,1.00
-88.59,97.14,0.00,1.00
-80.23,4.50,0.00,1.00
73.37,-36.52,0.00,1.00
-58.43,54.37,0.00,1.00
-84.68,-0.74,0.00,1.00
-37.36,-71.83,0.00,1.00
-74.52,-33.67,0.00,1.00
-126.73,159.36,0.00,1.00
-41.58,43.30,0.00,1.00
24.15,2.39,0.00,1.00
147.18,-130.50,0.00,1.00
-79.89,76.27,0.00,1.00
69.87,-28.26,0.00,1.00
-153.80,145.40,0.00,1.00
-90.15,13.33,0.00,1.00
20.23,25.95,0.00,1.00
-170.32,101.39,0.00,1.00
-124.47,120.35,0.00,1.00
-144.26,71.00,0.00,1.00
93.82,-51.16,0.00,1.00
-124.43,39.80,0.00,1.00
-80.65,-19.98,0.00,1.00
-9.48,61.03,0.00,1.00
38.41,-14.33,0.00,1.00
-108.45,17.55,0.00,1.00
-97.89,112.09,0.00,1.00
-88.17,-23.86,0.00,1.00
57.73,-21.37,0.00,1.00
-101.70,18.07,0.00,1.00
44.03,-4.32,0.00,1.00
-135.18,37.34,0.00,1.00
97.11,-64.43,0.00,1.00
-109.97,18.15,0.00,1.00
-107.97,127.50,0.00,1.00
-152.77,70.41,0.00,1.00
-148.00,159.94,0.00,1.00
-124.47,36.75,0.00,1.00
-109.11,125.64,0.00,1.00
86.02,-65.88,0.00,1.00
-116.74,15.01,0.00,1.00
-90.89,102.88,0.00,1.00
-48.32,-39.70,0.00,1.00
-62.88,-41.31,0.00,1.00
-80.80,-13.79,0.00,1.00
-120.00,139.88,0.00,1.00
-108.86,31.11,0.00,1.00
-25.59,34.42,0.00,1.00
97.03,-79.48,0.00,1.00
88.90,-63.75,0.00,1.00
-19.94,-7.20,0.00,1.00
-82.44,95.52,0.00,1.00
-59.61,-55.53,0.00,1.00
51.10,-16.88,0.00,1.00
-94.57,97.42,0.00,1.00
84.75,-51.79,0.00,1.00
-144.15,55.67,0.00,1.00
-89.31,11.15,0.00,1.00
60.57,-11.94,0.00,1.00
-172.42,214.91,0.00,1.00
119.39,-92.20,0.00,1.00
-137.08,183.00,0.00,1.00
67.55,-6.46,0.00,1.00
58.61,-11.92,0.00,1.00
-166.41,173.65,0.00,1.00
31.34,9.37,0.00,1.00
-89.37,13.03,0.00,1.00
-71.70,98.64,0.00,1.00
-131.82,169.47,0.00,1.00
-126.03,55.24,0.00,1.00
-100.30,16.28,0.00,1.00
-45.74,-58.27,0.00,1.00
-77.94,90.46,0.00,1.00
149.31,-165.80,0.00,1.00
59.14,-30.37,0.00,1.00
-74.20,3.98,0.00,1.00
116.77,-115.80,0.00,1.00
-79.75,-20.27,0.00,1.00
-94.20,11.25,0.00,1.00
-68.58,55.21,0.00,1.00
105.68,-86.73,0.00,1.00
100.21,-54.02,0.00,1.00
-106.90,124.23,0.00,1.00
-100.84,24.49,0.00,1.00
-120.62,40.66,0.00,1.00
82.84,-56.93,0.00,1.00
-126.98,40.20,0.00,1.00
-94.92,3.11,0.00,1.00
-83.22,81.70,0.00,1.00
132.80,-105.19,0.00,1.00
-99.80,-7.85,0.00,1.00
230.00,-230.00,0.00,1.00
-73.46,72.52,0.00,1.00
-122.14,147.62,0.00,1.00
94.29,-49.11,0.00,1.00
-76.57,58.07,0.00,1.00
-113.76,38.42,0.00,1.00
82.33,-53.49,0.00,1.00
-163.11,96.62,0.00,1.00
43.05,2.97,0.00,1.00
-109.27,5.61,0.00,1.00
59.68,-58.81,0.00,1.00
-114.66,128.64,0.00,1.00
65.09,-43.61,0.00,1.00
-122.73,142.00,0.00,1.00
-130.58,59.88,0.00,1.00
-162.63,74.58,0.00,1.00
93.48,-79.17,0.00,1.00
-87.00,-0.05,0.00,1.00
22.28,33.12,0.00,1.00
-42.53,-51.90,0.00,1.00
-44.85,43.86,0.00,1.00
-96.94,120.98,0.00,1.00
55.66,-25.20,0.00,1.00
-43.80,43.67,0.00,1.00
44.76,-19.91,0.00,1.00
-94.68,87.08,0.00,1.00
-118.31,4.63,0.00,1.00
-74.27,-16.22,0.00,1.00
-120.03,119.25,0.00,1.00
9.13,35.05,0.00,1.00
-87.61,113.39,0.00,1.00
40.82,3.91,0.00,1.00
-96.07,140.21,0.00,1.00
114.69,-79.11,0.00,1.00
128.42,-111.31,0.00,1.00
-88.24,108.49,0.00,1.00
80.46,-44.37,0.00,1.00
-90.21,25.03,0.00,1.00
-115.28,16.11,0.00,1.00
123.18,-113.19,0.00,1.00
-136.78,36.47,0.00,1.00
54.12,-38.32,0.00,1.00
59.13,-23.61,0.00,1.00
71.53,-38.82,0.00,1.00
-83.71,-8.45,0.00,1.00
4.09,31.98,0.00,1.00
-129.20,161.28,0.00,1.00
-117.75,116.77,0.00,1.00
-92.51,1.76,0.00,1.00
-119.34,41.31,0.00,1.00
-88.96,-12.60,0.00,1.00
-86.51,-6.70,0.00,1.00
-87.01,96.05,0.00,1.00
39.21,18.85,0.00,1.00
-55.07,79.61,0.00,1.00
-127.17,135.91,0.00,1.00
93.52,-62.67,0.00,1.00
61.27,-34.14,0.00,1.00
51.95,-10.76,0.00,1.00
-104.73,23.27,0.00,1.00
-133.48,50.59,0.00,1.00
-106.25,16.02,0.00,1.00
-136.54,29.64,0.00,1.00
-131.46,59.86,0.00,1.00
-46.57,35.54,0.00,1.00
104.36,-78.48,0.00,1.00
-139.00,151.68,0.00,1.00
-129.12,71.29,0.00,1.00
65.99,-24.52,0.00,1.00
40.69,-4.18,0.00,1.00
-83.75,-8.00,0.00,1.00
-125.58,140.30,0.00,1.00
-128.83,55.99,0.00,1.00
112.09,-73.76,0.00,1.00
-39.22,-74.23,0.00,1.00
-152.63,104.19,0.00,1.00
116.77,-72.11,0.00,1.00
100.22,-88.98,0.00,1.00
-163.46,81.24,0.00,1.00
-184.52,110.13,0.00,1.00
-141.76,135.30,0.00,1.00
86.13,-73.19,0.00,1.00
66.03,-13.79,0.00,1.00
-77.44,105.21,0.00,1.00
-80.19,2.80,0.00,1.00
167.38,-147.17,0.00,1.00
-156.23,71.02,0.00,1.00
79.70,-70.97,0.00,1.00
-119.42,35.59,0.00,1.00
-56.13,64.74,0.00,1.00
-91.00,97.16,0.00,1.00
107.10,-44.90,0.00,1.00
-62.30,40.51,0.00,1.00
75.69,-56.23,0.00,1.00
142.09,-132.62,0.00,1.00
130.60,-89.96,0.00,1.00
-104.45,154.53,0.00,1.00
-105.63,22.52,0.00,1.00
-75.95,-6.34,0.00,1.00
104.75,-65.89,0.00,1.00
-105.91,6.84,0.00,1.00
-132.33,164.23,0.00,1.00
-92.96,14.14,0.00,1.00
-116.41,145.58,0.00,1.00
64.96,-27.40,0.00,1.00
89.38,-48.10,0.00,1.00
-171.58,110.58,0.00,1.00
-99.32,11.71,0.00,1.00
-103.22,8.81,0.00,1.00
-70.66,52.64,0.00,1.00
122.12,-93.31,0.00,1.00
-140.49,53.42,0.00,1.00
109.39,-76.89,0.00,1.00
-86.25,94.93,0.00,1.00
76.03,-30.11,0.00,1.00
-113.93,137.54,0.00,1.00
-92.30,99.91,0.00,1.00
-132.45,157.91,0.00,1.00
-82.86,-12.79,0.00,1.00
-95.97,113.19,0.00,1.00
82.71,-57.71,0.00,1.00
-97.04,-11.43,0.00,1.00
-37.97,31.47,0.00,1.00
-105.90,25.97,0.00,1.00
-161.30,49.11,0.00,1.00
70.39,-26.30,0.00,1.00
-137.95,135.69,0.00,1.00
-72.20,44.73,0.00,1.00
54.24,-47.07,0.00,1.00
55.61,-22.65,0.00,1.00
-98.85,92.45,0.00,1.00
-129.15,51.92,0.00,1.00
158.25,-154.52,0.00,1.00
-132.04,35.39,0.00,1.00
-114.08,42.42,0.00,1.00
-113.35,28.32,0.00,1.00
-124.89,58.97,0.00,1.00
-126.13,138.10,0.00,1.00
135.92,-127.37,0.00,1.00
-48.30,48.17,0.00,1.00
39.70,9.28,0.00,1.00
-68.26,94.21,0.00,1.00
112.63,-81.32,0.00,1.00
111.64,-91.10,0.00,1.00
48.60,8.53,0.00,1.00
-103.95,100.51,0.00,1.00
-67.67,84.11,0.00,1.00
-44.60,49.25,0.00,1.00
104.36,-79.84,0.00,1.00
-49.81,54.24,0.00,1.00
-85.99,88.20,0.00,1.00
52.56,-44.41,0.00,1.00
-107.15,12.51,0.00,1.00
144.46,-109.96,0.00,1.00
92.71,-67.83,0.00,1.00
-66.08,78.84,0.00,1.00
-109.66,114.96,0.00,1.00
78.14,-35.69,0.00,1.00
-76.39,-22.27,0.00,1.00
-107.75,138.08,0.00,1.00
1.26,1.51,0.00,1.00
-135.49,57.42,0.00,1.00
-108.53,127.86,0.00,1.00
39.05,20.09,0.00,1.00
-81.34,88.82,0.00,1.00
-57.34,55.40,0.00,1.00
-48.67,40.83,0.00,1.00
-91.86,1.73,0.00,1.00
29.10,-12.71,0.00,1.00
-155.87,82.41,0.00,1.00
-45.70,-65.43,0.00,1.00
-41.54,56.42,0.00,1.00
-87.36,90.70,0.00,1.00
-102.97,112.17,0.00,1.00
-37.60,42.32,0.00,1.00
76.38,-44.82,0.00,1.00
84.93,-66.95,0.00,1.00
-103.20,32.62,0.00,1.00
-99.81,78.40,0.00,1.00
-69.04,-29.14,0.00,1.00
-123.72,21.87,0.00,1.00
112.78,-72.90,0.00,1.00
-191.05,119.78,0.00,1.00
77.21,-66.66,0.00,1.00
148.44,-153.73,0.00,1.00
-55.89,64.22,0.00,1.00
122.44,-110.88,0.00,1.00
-101.06,122.79,0.00,1.00
55.74,-32.29,0.00,1.00
124.78,-80.98,0.00,1.00
-83.49,-27.87,0.00,1.00
-67.71,50.84,0.00,1.00
-134.42,66.81,0.00,1.00
39.19,-8.58,0.00,1.00
-113.11,11.69,0.00,1.00
-146.96,80.24,0.00,1.00
-89.53,100.42,0.00,1.00
-100.18,112.23,0.00,1.00
-79.65,108.89,0.00,1.00
22.79,28.10,0.00,1.00
102.29,-63.38,0.00,1.00
51.34,-24.80,0.00,1.00
-123.42,40.76,0.00,1.00
64.02,-31.56,0.00,1.00
-59.31,-50.32,0.00,1.00
96.48,-76.70,0.00,1.00
-66.18,83.39,0.00,1.00
115.20,-64.78,0.00,1.00
-102.61,99.83,0.00,1.00
-68.34,67.45,0.00,1.00
-61.80,46.81,0.00,1.00
-40.00,54.57,0.00,1.00
54.13,-49.66,0.00,1.00
42.09,-21.65,0.00,1.00
65.56,-48.59,0.00,1.00
-91.78,-5.12,0.00,1.00
-46.98,22.70,0.00,1.00
-111.51,23.99,0.00,1.00
-72.97,78.76,0.00,1.00
-113.36,131.86,0.00,1.00
-136.53,55.93,0.00,1.00
-96.55,149.43,0.00,1.00
60.57,-4.69,0.00,1.00
80.64,-49.38,0.00,1.00
-120.45,40.23,0.00,1.00
115.39,-101.53,0.00,1.00
-139.04,58.98,0.00,1.00
-106.92,126.79,0.00,1.00
-111.76,139.05,0.00,1.00
-46.35,54.41,0.00,1.00
168.15,-126.07,0.00,1.00
74.18,-21.85,0.00,1.00
63.28,-30.12,0.00,1.00
72.35,-33.72,0.00,1.00
-65.45,-36.89,0.00,1.00
-134.14,38.13,0.00,1.00
-113.86,44.02,0.00,1.00
-111.23,16.55,0.00,1.00
-125.48,131.09,0.00,1.00
-120.36,49.25,0.00,1.00
76.66,-50.22,0.00,1.00
-113.66,27.68,0.00,1.00
41.69,-1.93,0.00,1.00
-135.24,152.82,0.00,1.00
73.29,-49.64,0.00,1.00
-67.54,94.80,0.00,1.00
-42.92,39.66,0.00,1.00
-154.35,68.61,0.00,1.00
-126.05,55.47,0.00,1.00
-36.66,17.20,0.00,1.00
58.34,-10.92,0.00,1.00
-164.33,100.34,0.00,1.00
-140.44,43.32,0.00,1.00
-120.95,128.42,0.00,1.00
-91.72,103.37,0.00,1.00
-72.31,-29.72,0.00,1.00
-112.01,143.74,0.00,1.00
-99.94,90.71,0.00,1.00
-73.21,59.92,0.00,1.00
71.32,-24.67,0.00,1.00
-119.77,20.43,0.00,1.00
77.90,-59.36,0.00,1.00
-130.25,42.55,0.00,1.00
-25.91,16.86,0.00,1.00
-61.05,71.05,0.00,1.00
-111.34,111.53,0.00,1.00
-95.98,10.22,0.00,1.00
-150.07,85.94,0.00,1.00
-97.76,8.66,0.00,1.00
-123.56,41.52,0.00,1.00
-129.68,22.39,0.00,1.00
60.20,-11.48,0.00,1.00
21.78,4.87,0.00,1.00
-84.29,98.66,0.00,1.00
-54.31,56.22,0.00,1.00
-111.82,48.06,0.00,1.00
-87.35,20.03,0.00,1.00
-64.83,68.14,0.00,1.00
-125.01,43.53,0.00,1.00
-81.16,1.36,0.00,1.00
212.24,-197.59,0.00,1.00
-87.59,105.87,0.00,1.00
-86.72,110.20,0.00,1.00
-98.47,10.67,0.00,1.00
-115.41,51.21,0.00,1.00
-135.04,158.75,0.00,1.00
-73.99,69.17,0.00,1.00
77.53,-57.51,0.00,1.00
-139.33,152.95,0.00,1.00
63.93,-22.00,0.00,1.00
-102.98,110.21,0.00,1.00
15.70,38.14,0.00,1.00
-99.32,103.58,0.00,1.00
-165.45,85.51,0.00,1.00
-159.82,77.60,0.00,1.00
-120.35,49.34,0.00,1.00
-155.52,70.20,0.00,1.00
-119.57,37.10,0.00,1.00
-121.32,36.13,0.00,1.00
-112.63,120.50,0.00,1.00
-122.28,150.18,0.00,1.00
-76.36,64.29,0.00,1.00
72.27,-69.27,0.00,1.00
115.53,-101.97,0.00,1.00
-54.83,-54.00,0.00,1.00
-111.77,15.94,0.00,1.00
69.54,-41.32,0.00,1.00
66.95,-33.81,0.00,1.00
-32.60,12.31,0.00,1.00
-69.19,-45.60,0.00,1.00
92.57,-54.12,0.00,1.00
-118.61,54.55,0.00,1.00
69.42,-37.51,0.00,1.00
33.55,15.91,0.00,1.00
-95.25,120.51,0.00,1.00
-137.39,140.54,0.00,1.00
-160.16,86.45,0.00,1.00
-51.70,-40.86,0.00,1.00
-151.89,82.44,0.00,1.00
-107.35,140.25,0.00,1.00
-100.49,121.64,0.00,1.00
47.28,-8.94,0.00,1.00
61.51,-14.61,0.00,1.00
-149.02,41.92,0.00,1.00
-106.11,116.74,0.00,1.00
71.93,-48.09,0.00,1.00
-130.21,167.33,0.00,1.00
-84.19,106.24,0.00,1.00
-161.05,91.02,0.00,1.00
75.87,-35.53,0.00,1.00
-152.02,74.76,0.00,1.00
-95.68,100.01,0.00,1.00
-109.10,93.50,0.00,1.00
-54.65,76.23,0.00,1.00
69.91,-58.00,0.00,1.00
-97.58,-7.42,0.00,1.00
59.79,-4.76,0.00,1.00
-88.20,-15.77,0.00,1.00
-71.23,78.36,0.00,1.00
-75.98,74.95,0.00,1.00
-130.23,34.52,0.00,1.00
44.77,-0.54,0.00,1.00
51.27,-31.52,0.00,1.00
120.24,-102.30,0.00,1.00
-148.67,91.90,0.00,1.00
-114.38,13.27,0.00,1.00
-97.56,107.94,0.00,1.00
63.99,-36.14,0.00,1.00
-70.82,-16.17,0.00,1.00
116.56,-80.55,0.00,1.00
-86.61,-39.01,0.00,1.00
-62.21,78.60,0.00,1.00
-150.06,175.34,0.00,1.00
58.52,-35.39,0.00,1.00
-45.86,-35.12,0.00,1.00
-79.92,84.23,0.00,1.00
-159.84,102.89,0.00,1.00
-35.19,-60.38,0.00,1.00
125.78,-109.13,0.00,1.00
75.40,-67.34,0.00,1.00
74.49,-47.09,0.00,1.00
104.06,-70.44,0.00,1.00
-121.93,132.65,0.00,1.00
-76.21,-18.38,0.00,1.00
94.40,-70.64,0.00,1.00
-157.95,195.30,0.00,1.00
-65.86,-32.88,0.00,1.00
-72.21,62.62,0.00,1.00
-83.71,70.30,0.00,1.00
81.58,-53.01,0.00,1.00
-121.79,48.29,0.00,1.00
-112.42,130.80,0.00,1.00
-127.43,139.22,0.00,1.00
101.49,-80.42,0.00,1.00
63.77,-42.72,0.00,1.00
82.03,-63.89,0.00,1.00
92.89,-63.38,0.00,1.00
-109.04,84.30,0.00,1.00
-117.79,128.97,0.00,1.00
67.14,-24.17,0.00,1.00
7.60,43.48,0.00,1.00
117.76,-123.95,0.00,1.00
-83.44,-9.18,0.00,1.00
82.35,-45.69,0.00,1.00
-49.65,-37.74,0.00,1.00
-123.69,40.64,0.00,1.00
-19.87,13.74,0.00,1.00
-70.62,102.76,0.00,1.00
113.07,-81.86,0.00,1.00
-121.87,39.90,0.00,1.00
-162.58,203.98,0.00,1.00
24.34,4.30,0.00,1.00
-137.93,166.19,0.00,1.00
-76.65,-37.38,0.00,1.00
73.88,-35.10,0.00,1.00
-95.81,115.30,0.00,1.00
-127.55,51.85,0.00,1.00
-56.44,88.18,0.00,1.00
-104.55,7.47,0.00,1.00
-93.86,-12.77,0.00,1.00
-142.07,173.87,0.00,1.00
-66.54,60.16,0.00,1.00
105.85,-70.22,0.00,1.00
-52.19,-43.39,0.00,1.00
-108.18,32.86,0.00,1.00
83.75,-18.30,0.00,1.00
-134.55,136.44,0.00,1.00
1.66,58.41,0.00,1.00
118.17,-97.49,0.00,1.00
-127.62,165.70,0.00,1.00
121.58,-91.61,0.00,1.00
-110.68,136.50,0.00,1.00
101.56,-72.43,0.00,1.00
106.88,-95.01,0.00,1.00
128.03,-95.74,0.00,1.00
-50.13,49.62,0.00,1.00
-35.71,-51.04,0.00,1.00
-100.01,145.03,0.00,1.00
-132.69,34.36,0.00,1.00
-26.50,26.63,0.00,1.00
-152.81,56.65,0.00,1.00
104.01,-74.79,0.00,1.00
-85.74,95.33,0.00,1.00
-162.57,103.29,0.00,1.00
56.27,-38.31,0.00,1.00
-71.99,70.36,0.00,1.00
39.62,7.09,0.00,1.00
-23.91,20.31,0.00,1.00
-106.48,111.79,0.00,1.00
-182.69,92.34,0.00,1.00
67.88,-37.93,0.00,1.00
-109.46,133.66,0.00,1.00
-70.38,93.52,0.00,1.00
-122.11,43.51,0.00,1.00
-76.97,-29.13,0.00,1.00
-78.03,64.00,0.00,1.00
39.60,-9.81,0.00,1.00
63.25,-18.27,0.00,1.00
-117.06,127.54,0.00,1.00
99.72,-52.45,0.00,1.00
-103.55,1.75,0.00,1.00
-96.58,108.08,0.00,1.00
-60.16,0.68,0.00,1.00
59.89,-36.98,0.00,1.00
56.98,5.49,0.00,1.00
-88.99,8.04,0.00,1.00
-106.36,117.19,0.00,1.00
112.06,-83.38,0.00,1.00
-184.77,104.59,0.00,1.00
114.60,-80.69,0.00,1.00
101.73,-89.44,0.00,1.00
69.23,-62.47,0.00,1.00
-117.64,31.66,0.00,1.00
-66.16,100.91,0.00,1.00
109.99,-62.21,0.00,1.00
-118.79,17.69,0.00,1.00
-54.14,-50.44,0.00,1.00
47.51,-9.82,0.00,1.00
-119.07,42.12,0.00,1.00
-131.27,150.99,0.00,1.00
-39.78,51.89,0.00,1.00
109.32,-61.47,0.00,1.00
-15.27,19.02,0.00,1.00
-72.54,94.33,0.00,1.00
103.37,-75.62,0.00,1.00
-2.99,58.28,0.00,1.00
-114.07,116.97,0.00,1.00
78.06,-45.32,0.00,1.00
92.87,-62.47,0.00,1.00
-127.63,20.78,0.00,1.00
-67.76,79.36,0.00,1.00
12.28,50.88,0.00,1.00
-94.17,124.86,0.00,1.00
-114.75,35.48,0.00,1.00
-99.54,7.35,0.00,1.00
-66.27,94.85,0.00,1.00
89.51,-64.63,0.00,1.00
-132.90,134.31,0.00,1.00
-124.45,144.64,0.00,1.00
-87.64,79.13,0.00,1.00
149.61,-122.52,0.00,1.00
-84.87,82.55,0.00,1.00
-131.75,41.01,0.00,1.00
-146.43,187.29,0.00,1.00
-85.83,85.60,0.00,1.00
100.96,-65.95,0.00,1.00
24.39,30.17,0.00,1.00
-118.53,10.18,0.00,1.00
-98.30,3.60,0.00,1.00
-125.46,182.10,0.00,1.00
-66.04,58.99,0.00,1.00
-171.93,112.97,0.00,1.00
-135.37,44.28,0.00,1.00
-107.40,116.09,0.00,1.00
102.63,-97.48,0.00,1.00
-129.15,163.56,0.00,1.00
-84.56,86.12,0.00,1.00
-50.10,52.33,0.00,1.00
-119.90,148.58,0.00,1.00
-53.94,-48.75,0.00,1.00
-107.64,127.74,0.00,1.00
-103.99,2.94,0.00,1.00
-107.56,105.98,0.00,1.00
-69.74,-25.46,0.00,1.00
104.58,-82.88,0.00,1.00
-97.65,98.27,0.00,1.00
66.98,-45.41,0.00,1.00
50.03,-20.19,0.00,1.00
38.52,-12.97,0.00,1.00
-90.34,83.60,0.00,1.00
-54.30,-28.71,0.00,1.00
-136.69,168.54,0.00,1.00
-97.60,105.92,0.00,1.00
88.40,-55.61,0.00,1.00
-81.00,74.04,0.00,1.00
113.58,-100.38,0.00,1.00
-118.86,41.82,0.00,1.00
-113.44,32.13,0.00,1.00
-128.61,151.44,0.00,1.00
-149.51,64.70,0.00,1.00
-98.72,12.00,0.00,1.00
-63.51,77.85,0.00,1.00
-88.59,68.80,0.00,1.00
-121.82,168.30,0.00,1.00
-108.46,4.90,0.00,1.00
-143.09,158.74,0.00,1.00
-132.36,73.17,0.00,1.00
94.18,-67.25,0.00,1.00
-128.39,28.54,0.00,1.00
67.52,-30.36,0.00,1.00
48.59,-36.51,0.00,1.00
99.04,-66.72,0.00,1.00
-87.67,4.12,0.00,1.00
59.65,-52.99,0.00,1.00
-141.01,169.53,0.00,1.00
110.38,-74.80,0.00,1.00
86.90,-48.95,0.00,1.00
123.86,-110.88,0.00,1.00
67.54,-53.89,0.00,1.00
171.08,-140.58,0.00,1.00
144.18,-116.19,0.00,1.00
-68.56,-32.31,0.00,1.00
-120.14,56.19,0.00,1.00
-118.13,40.06,0.00,1.00
-25.92,18.87,0.00,1.00
88.19,-48.70,0.00,1.00
-109.60,119.35,0.00,1.00
-68.69,-28.26,0.00,1.00
-47.08,40.37,0.00,1.00
-153.77,62.72,0.00,1.00
-174.76,228.65,0.00,1.00
-104.00,-3.11,0.00,1.00
-181.94,118.97,0.00,1.00
-74.53,84.09,0.00,1.00
-120.79,36.36,0.00,1.00
28.80,10.90,0.00,1.00
96.09,-69.31,0.00,1.00
-91.32,-6.64,0.00,1.00
-143.16,67.22,0.00,1.00
-91.83,5.35,0.00,1.00
-107.47,33.77,0.00,1.00
-111.31,120.57,0.00,1.00
-149.70,159.97,0.00,1.00
-144.00,138.23,0.00,1.00
-148.65,77.36,0.00,1.00
-196.06,126.74,0.00,1.00
-127.16,134.03,0.00,1.00
-124.19,51.47,0.00,1.00
-128.91,135.17,0.00,1.00
78.64,-56.20,0.00,1.00
-89.87,97.10,0.00,1.00
-143.70,58.13,0.00,1.00
60.25,-23.32,0.00,1.00
-115.60,129.41,0.00,1.00
126.83,-102.98,0.00,1.00
-100.97,95.55,0.00,1.00
-111.10,128.87,0.00,1.00
-106.37,134.27,0.00,1.00
-90.30,16.46,0.00,1.00
79.79,-44.63,0.00,1.00
-49.82,-19.01,0.00,1.00
-106.22,118.37,0.00,1.00
92.11,-69.56,0.00,1.00
-73.95,74.52,0.00,1.00
-73.01,76.95,0.00,1.00
72.39,-39.74,0.00,1.00
-105.93,123.00,0.00,1.00
-99.72,-3.01,0.00,1.00
-49.74,53.31,0.00,1.00
-154.07,178.44,0.00,1.00
-130.53,58.39,0.00,1.00
-99.42,5.32,0.00,1.00
-94.72,20.87,0.00,1.00
52.42,-14.53,0.00,1.00
-100.06,110.54,0.00,1.00
-82.62,85.36,0.00,1.00
-117.42,116.85,0.00,1.00
-76.80,34.25,0.00,1.00
79.93,-31.47,0.00,1.00
-39.84,50.68,0.00,1.00
73.03,-68.24,0.00,1.00
-105.56,135.83,0.00,1.00
-62.01,39.20,0.00,1.00
66.18,-39.57,0.00,1.00
-147.43,176.10,0.00,1.00
117.33,-99.21,0.00,1.00
64.22,-28.77,0.00,1.00
62.87,-43.18,0.00,1.00
104.72,-92.89,0.00,1.00
-102.78,107.85,0.00,1.00
-105.61,-1.18,0.00,1.00
-60.66,54.99,0.00,1.00
-116.57,125.86,0.00,1.00
-120.68,23.59,0.00,1.00
-58.17,71.49,0.00,1.00
139.85,-131.78,0.00,1.00
55.64,-19.56,0.00,1.00
-79.71,73.44,0.00,1.00
116.95,-105.81,0.00,1.00
-131.27,133.69,0.00,1.00
-89.41,-1.51,0.00,1.00
-115.77,25.56,0.00,1.00
128.10,-114.75,0.00,1.00
97.37,-93.17,0.00,1.00
35.97,8.66,0.00,1.00
-98.54,117.76,0.00,1.00
-115.60,33.29,0.00,1.00
53.08,-11.95,0.00,1.00
9.41,41.28,0.00,1.00
-147.17,83.94,0.00,1.00
-81.36,93.83,0.00,1.00
-93.15,113.79,0.00,1.00
-144.33,62.85,0.00,1.00
-129.37,56.02,0.00,1.00
-27.79,-61.25,0.00,1.00
-144.28,54.58,0.00,1.00
96.53,-80.91,0.00,1.00
-99.09,104.75,0.00,1.00
44.50,-38.54,0.00,1.00
-95.67,96.12,0.00,1.00
-148.72,64.40,0.00,1.00
-130.01,150.74,0.00,1.00
-74.54,63.28,0.00,1.00
-40.34,30.05,0.00,1.00
-88.76,7.24,0.00,1.00
-82.94,-14.07,0.00,1.00
-83.94,99.96,0.00,1.00
-50.41,28.87,0.00,1.00
-149.37,60.38,0.00,1.00
98.23,-53.50,0.00,1.00
88.84,-53.74,0.00,1.00
-3.47,53.12,0.00,1.00
-79.09,103.02,0.00,1.00
-112.63,31.57,0.00,1.00
41.06,-11.40,0.00,1.00
-130.15,21.51,0.00,1.00
-129.94,87.09,0.00,1.00
-136.43,167.17,0.00,1.00
122.04,-97.25,0.00,1.00
-56.50,56.48,0.00,1.00
-96.43,11.76,0.00,1.00
90.26,-83.46,0.00,1.00
-116.93,128.75,0.00,1.00
-109.60,17.49,0.00,1.00
107.35,-77.42,0.00,1.00
138.68,-128.55,0.00,1.00
-161.36,156.33,0.00,1.00
-72.54,-14.15,0.00,1.00
-91.72,103.25,0.00,1.00
7.63,56.76,0.00,1.00
-47.21,-85.49,0.00,1.00
56.87,-11.62,0.00,1.00
-168.12,84.14,0.00,1.00
168.13,-155.10,0.00,1.00
-135.69,165.14,0.00,1.00
-161.77,65.43,0.00,1.00
-154.42,142.29,0.00,1.00
154.01,-126.74,0.00,1.00
-126.20,50.98,0.00,1.00
118.88,-70.76,0.00,1.00
-115.13,111.41,0.00,1.00
88.18,-70.68,0.00,1.00
126.15,-83.03,0.00,1.00
137.67,-130.93,0.00,1.00
-168.83,111.27,0.00,1.00
85.59,-43.74,0.00,1.00
-77.51,2.61,0.00,1.00
-55.53,-35.13,0.00,1.00
-92.54,75.49,0.00,1.00
95.59,-69.89,0.00,1.00
-89.01,84.23,0.00,1.00
-139.12,39.51,0.00,1.00
122.04,-103.66,0.00,1.00
-88.90,116.14,0.00,1.00
81.84,-55.30,0.00,1.00
-44.14,53.34,0.00,1.00
-123.36,59.38,0.00,1.00
-142.31,161.59,0.00,1.00
116.49,-87.28,0.00,1.00
66.79,11.75,0.00,1.00
107.10,-99.05,0.00,1.00
76.75,-42.48,0.00,1.00
-144.42,78.27,0.00,1.00
-132.34,162.86,0.00,1.00
-66.61,67.95,0.00,1.00
-68.91,89.15,0.00,1.00
-68.58,-28.97,0.00,1.00
-112.91,148.06,0.00,1.00
-54.02,48.43,0.00,1.00
41.33,9.94,0.00,1.00
63.33,-21.57,0.00,1.00
80.48,-58.02,0.00,1.00
107.70,-92.63,0.00,1.00
-86.26,87.94,0.00,1.00
37.71,7.64,0.00,1.00
-135.53,25.11,0.00,1.00
-125.82,41.34,0.00,1.00
-65.07,-33.98,0.00,1.00
-113.81,35.24,0.00,1.00
-55.41,75.60,0.00,1.00
-131.98,149.82,0.00,1.00
138.11,-106.42,0.00,1.00
33.98,-18.52,0.00,1.00
-49.10,-51.54,0.00,1.00
-61.94,60.78,0.00,1.00
82.86,-49.89,0.00,1.00
85.73,-71.39,0.00,1.00
54.30,-8.63,0.00,1.00
98.90,-76.93,0.00,1.00
-135.64,148.85,0.00,1.00
-155.25,176.88,0.00,1.00
-128.24,41.62,0.00,1.00
39.59,-0.12,0.00,1.00
102.87,-90.12,0.00,1.00
-103.28,21.40,0.00,1.00
-94.75,76.90,0.00,1.00
149.73,-143.53,0.00,1.00
14.07,11.94,0.00,1.00
-91.27,-7.18,0.00,1.00
-68.61,72.78,0.00,1.00
104.53,-91.76,0.00,1.00
-45.73,58.48,0.00,1.00
-121.44,118.15,0.00,1.00
-43.34,-51.30,0.00,1.00
-125.21,52.32,0.00,1.00
-165.00,100.41,0.00,1.00
89.71,-87.90,0.00,1.00
-142.95,79.81,0.00,1.00
-105.19,23.46,0.00,1.00
-122.78,135.16,0.00,1.00
114.45,-119.99,0.00,1.00
-108.82,-3.94,0.00,1.00
-90.77,103.27,0.00,1.00
-139.96,148.32,0.00,1.00
-129.77,151.66,0.00,1.00
-86.04,0.06,0.00,1.00
132.49,-118.36,0.00,1.00
-136.09,62.11,0.00,1.00
71.75,-23.65,0.00,1.00
-104.39,15.12,0.00,1.00
-126.47,1.85,0.00,1.00
-60.27,60.79,0.00,1.00
-76.43,-6.21,0.00,1.00
-181.11,106.90,0.00,1.00
-112.07,165.62,0.00,1.00
-97.43,88.75,0.00,1.00
-119.63,147.45,0.00,1.00
131.69,-124.74,0.00,1.00
22.13,25.11,0.00,1.00
26.96,-23.84,0.00,1.00
120.35,-110.30,0.00,1.00
-67.34,63.14,0.00,1.00
-81.99,94.02,0.00,1.00
-92.13,8.15,0.00,1.00
-122.05,117.21,0.00,1.00
-117.65,43.10,0.00,1.00
-71.65,-31.24,0.00,1.00
147.32,-170.38,0.00,1.00
-73.42,-11.73,0.00,1.00
-106.85,127.75,0.00,1.00
74.48,-63.66,0.00,1.00
48.26,-12.06,0.00,1.00
-18.08,-0.82,0.00,1.00
-80.00,3.07,0.00,1.00
-132.76,36.43,0.00,1.00
-130.75,54.53,0.00,1.00
-122.67,120.26,0.00,1.00
-73.03,-16.42,0.00,1.00
77.93,-39.25,0.00,1.00
53.66,-18.19,0.00,1.00
-73.96,60.02,0.00,1.00
-85.95,13.66,0.00,1.00
-128.55,33.16,0.00,1.00
-124.15,37.17,0.00,1.00
-67.69,57.01,0.00,1.00
-74.73,59.13,0.00,1.00
-164.42,68.16,0.00,1.00
109.54,-77.33,0.00,1.00
121.25,-78.91,0.00,1.00
-76.97,72.17,0.00,1.00
-100.52,32.75,0.00,1.00
-76.18,-27.78,0.00,1.00
-105.42,11.36,0.00,1.00
-99.92,131.89,0.00,1.00
-102.21,29.44,0.00,1.00
89.55,-55.28,0.00,1.00
-64.76,58.41,0.00,1.00
-98.81,108.52,0.00,1.00
-100.48,-5.69,0.00,1.00
-121.79,45.73,0.00,1.00
-66.25,-51.02,0.00,1.00
41.62,-3.31,0.00,1.00
-67.09,-32.62,0.00,1.00
98.25,-79.27,0.00,1.00
54.95,-4.91,0.00,1.00
87.49,-79.20,0.00,1.00
-71.67,77.11,0.00,1.00
-35.67,35.24,0.00,1.00
50.10,-1.05,0.00,1.00
38.81,4.00,0.00,1.00
87.60,-62.34,0.00,1.00
-96.25,-1.31,0.00,1.00
120.75,-73.25,0.00,1.00
-157.09,71.39,0.00,1.00
-63.06,58.46,0.00,1.00
-95.26,103.20,0.00,1.00
-129.23,66.32,0.00,1.00
-95.72,58.98,0.00,1.00
-26.51,24.43,0.00,1.00
-65.35,67.76,0.00,1.00
-68.89,73.85,0.00,1.00
-55.13,-47.77,0.00,1.00
-90.65,-5.21,0.00,1.00
23.18,18.18,0.00,1.00
61.00,-26.75,0.00,1.00
-139.52,36.88,0.00,1.00
52.29,-24.98,0.00,1.00
72.45,-45.30,0.00,1.00
-122.71,34.02,0.00,1.00
82.43,-54.33,0.00,1.00
-92.59,-10.49,0.00,1.00
129.78,-117.63,0.00,1.00
-24.29,-75.37,0.00,1.00
100.41,-57.65,0.00,1.00
-171.80,100.13,0.00,1.00
-84.04,96.38,0.00,1.00
136.95,-139.04,0.00,1.00
60.99,-16.83,0.00,1.00
-104.57,-2.52,0.00,1.00
132.66,-121.64,0.00,1.00
-68.98,67.31,0.00,1.00
114.36,-102.61,0.00,1.00
35.18,10.49,0.00,1.00
47.39,-17.34,0.00,1.00
75.42,-54.66,0.00,1.00
-120.73,29.99,0.00,1.00
100.46,-76.29,0.00,1.00
-107.42,-1.76,0.00,1.00
-90.92,81.87,0.00,1.00
-98.86,-19.81,0.00,1.00
92.31,-89.25,0.00,1.00
-74.97,-13.44,0.00,1.00
-98.98,-3.71,0.00,1.00
-151.26,192.71,0.00,1.00
-125.90,56.67,0.00,1.00
-129.29,37.65,0.00,1.00
128.28,-89.52,0.00,1.00
42.39,-9.49,0.00,1.00
133.94,-108.95,0.00,1.00
-96.44,81.59,0.00,1.00
-84.65,91.00,0.00,1.00
105.23,-76.42,0.00,1.00
-119.18,146.01,0.00,1.00
-63.87,75.64,0.00,1.00
-123.08,141.76,0.00,1.00
76.02,-34.70,0.00,1.00
-126.62,136.24,0.00,1.00
-141.75,164.31,0.00,1.00
-75.70,-24.78,0.00,1.00
-105.20,-1.85,0.00,1.00
58.45,-34.96,0.00,1.00
-164.83,183.63,0.00,1.00
-71.15,65.38,0.00,1.00
66.77,-46.88,0.00,1.00
-141.05,67.80,0.00,1.00
-119.34,37.50,0.00,1.00
79.92,-55.57,0.00,1.00
-91.62,93.85,0.00,1.00
-157.72,68.61,0.00,1.00
-117.18,145.37,0.00,1.00
-62.37,70.07,0.00,1.00
90.90,-69.01,0.00,1.00
-66.33,64.04,0.00,1.00
93.07,-62.23,0.00,1.00
-86.99,-17.99,0.00,1.00
-75.42,64.05,0.00,1.00
66.57,-53.35,0.00,1.00
-114.78,7.41,0.00,1.00
75.91,-50.49,0.00,1.00
-137.82,51.72,0.00,1.00
-71.82,-26.57,0.00,1.00
-107.98,32.61,0.00,1.00
-122.31,168.39,0.00,1.00
-117.96,101.75,0.00,1.00
-144.99,88.01,0.00,1.00
107.87,-91.44,0.00,1.00
-46.31,62.35,0.00,1.00
-50.65,-57.80,0.00,1.00
-108.42,13.86,0.00,1.00
-63.23,57.51,0.00,1.00
-47.76,55.64,0.00,1.00
113.57,-80.75,0.00,1.00
-94.78,91.75,0.00,1.00
-72.11,94.57,0.00,1.00
-9.13,6.87,0.00,1.00
-77.39,-28.09,0.00,1.00
-61.10,-49.27,0.00,1.00
-144.00,74.10,0.00,1.00
-130.12,144.54,0.00,1.00
-123.09,24.24,0.00,1.00
-169.37,102.05,0.00,1.00
66.92,-14.44,0.00,1.00
-136.65,69.42,0.00,1.00
-89.20,98.18,0.00,1.00
92.44,-65.51,0.00,1.00
26.28,6.79,0.00,1.00
-71.82,-17.75,0.00,1.00
-117.85,120.99,0.00,1.00
-120.72,28.58,0.00,1.00
-83.93,83.40,0.00,1.00
-70.55,-36.73,0.00,1.00
-81.45,-43.55,0.00,1.00
88.26,-41.97,0.00,1.00
-114.30,8.38,0.00,1.00
-53.05,-54.09,0.00,1.00
-115.95,17.03,0.00,1.00
-113.97,138.58,0.00,1.00
-120.70,74.96,0.00,1.00
-81.88,76.38,0.00,1.00
-131.38,175.50,0.00,1.00
-67.10,80.65,0.00,1.00
-92.86,103.22,0.00,1.00
-182.88,178.98,0.00,1.00
-87.92,96.79,0.00,1.00
48.71,-7.46,0.00,1.00
-105.75,117.76,0.00,1.00
-41.41,54.08,0.00,1.00
121.01,-92.23,0.00,1.00
50.82,-5.56,0.00,1.00
-103.32,122.32,0.00,1.00
-150.50,45.50,0.00,1.00
45.99,-1.19,0.00,1.00
30.84,33.36,0.00,1.00
-76.77,72.93,0.00,1.00
-86.65,-19.89,0.00,1.00
-105.32,113.14,0.00,1.00
-143.41,45.22,0.00,1.00
-75.54,88.15,0.00,1.00
66.22,-38.86,0.00,1.00
-77.14,61.06,0.00,1.00
76.51,-61.90,0.00,1.00
-123.37,149.15,0.00,1.00
-123.96,54.99,0.00,1.00
-135.48,58.64,0.00,1.00
-158.20,168.24,0.00,1.00
-130.34,46.34,0.00,1.00
-28.77,50.69,0.00,1.00
94.22,-75.66,0.00,1.00
-43.39,-52.56,0.00,1.00
94.24,-62.99,0.00,1.00
-57.92,-44.63,0.00,1.00
135.44,-102.76,0.00,1.00
-96.80,106.74,0.00,1.00
-152.21,174.08,0.00,1.00
-150.43,81.87,0.00,1.00
-89.59,-13.59,0.00,1.00
-200.06,133.31,0.00,1.00
-128.48,46.80,0.00,1.00
108.13,-104.27,0.00,1.00
-109.57,129.33,0.00,1.00
-55.36,74.00,0.00,1.00
-35.76,11.91,0.00,1.00
-110.95,32.49,0.00,1.00
-129.64,132.38,0.00,1.00
-128.02,123.43,0.00,1.00
87.73,-78.66,0.00,1.00
-67.35,89.14,0.00,1.00
-109.47,29.39,0.00,1.00
-97.42,3.15,0.00,1.00
23.92,25.13,0.00,1.00
-127.22,62.45,0.00,1.00
131.69,-123.97,0.00,1.00
69.12,-26.80,0.00,1.00
-147.02,170.02,0.00,1.00
-94.74,112.93,0.00,1.00
68.61,-60.37,0.00,1.00
-131.19,145.69,0.00,1.00
93.77,-41.58,0.00,1.00
-126.41,18.15,0.00,1.00
-117.88,26.37,0.00,1.00
100.30,-98.27,0.00,1.00
-75.32,0.85,0.00,1.00
50.06,-17.65,0.00,1.00
-100.54,113.06,0.00,1.00
-61.66,74.04,0.00,1.00
-94.10,33.72,0.00,1.00
-100.57,113.04,0.00,1.00
-230.00,175.81,0.00,1.00
-151.36,134.14,0.00,1.00
92.23,-76.04,0.00,1.00
-81.31,-33.97,0.00,1.00
-142.00,64.61,0.00,1.00
90.70,-61.92,0.00,1.00
81.08,-64.52,0.00,1.00
-104.40,105.03,0.00,1.00
102.43,-65.00,0.00,1.00
103.46,-113.06,0.00,1.00
-105.59,132.14,0.00,1.00
-176.54,98.08,0.00,1.00
-94.55,-14.79,0.00,1.00
-122.97,138.08,0.00,1.00
94.44,-73.83,0.00,1.00
57.64,1.93,0.00,1.00
-71.11,-8.31,0.00,1.00
-144.86,73.79,0.00,1.00
-108.14,120.02,0.00,1.00
67.13,-33.54,0.00,1.00
-141.17,66.24,0.00,1.00
-169.92,106.20,0.00,1.00
-98.99,19.19,0.00,1.00
58.58,-12.75,0.00,1.00
-113.53,37.63,0.00,1.00
-77.78,76.78,0.00,1.00
64.64,-46.32,0.00,1.00
-131.06,66.80,0.00,1.00
-90.32,115.11,0.00,1.00
150.51,-112.86,0.00,1.00
-44.57,36.24,0.00,1.00
-110.08,106.63,0.00,1.00
-154.97,98.95,0.00,1.00
87.58,-66.97,0.00,1.00
-75.96,92.78,0.00,1.00
-104.75,24.75,0.00,1.00
-113.92,155.44,0.00,1.00
5.15,14.78,0.00,1.00
186.86,-190.69,0.00,1.00
64.01,-20.23,0.00,1.00
-18.36,12.05,0.00,1.00
-147.97,35.59,0.00,1.00
-152.80,67.25,0.00,1.00
-84.21,88.28,0.00,1.00
122.71,-117.01,0.00,1.00
-54.30,-44.79,0.00,1.00
-166.78,190.69,0.00,1.00
-137.96,35.94,0.00,1.00
-69.70,81.30,0.00,1.00
-113.16,16.51,0.00,1.00
-145.18,56.62,0.00,1.00
65.87,-13.86,0.00,1.00
-59.76,-38.47,0.00,1.00
-156.36,50.71,0.00,1.00
-83.42,81.89,0.00,1.00
-89.90,95.48,0.00,1.00
-121.76,123.03,0.00,1.00
66.23,-43.33,0.00,1.00
108.75,-64.93,0.00,1.00
-122.51,26.58,0.00,1.00
-111.68,137.79,0.00,1.00
65.07,-28.65,0.00,1.00
84.50,-70.46,0.00,1.00
-98.88,106.70,0.00,1.00
-132.31,56.56,0.00,1.00
-128.37,15.85,0.00,1.00
-143.40,76.37,0.00,1.00
-103.14,22.62,0.00,1.00
77.18,-62.32,0.00,1.00
-165.57,99.17,0.00,1.00
-98.34,100.76,0.00,1.00
91.44,-55.09,0.00,1.00
-135.94,40.74,0.00,1.00
-51.68,60.28,0.00,1.00
-197.10,123.38,0.00,1.00
-85.17,-25.41,0.00,1.00
-121.19,37.33,0.00,1.00
77.98,-50.61,0.00,1.00
-102.72,97.86,0.00,1.00
-107.04,128.60,0.00,1.00
-72.76,73.82,0.00,1.00
143.96,-128.73,0.00,1.00
-57.40,44.82,0.00,1.00
-146.23,63.02,0.00,1.00
-121.20,21.64,0.00,1.00
-119.64,131.10,0.00,1.00
77.42,-60.20,0.00,1.00
-46.98,36.06,0.00,1.00
-63.41,66.15,0.00,1.00
-149.60,68.37,0.00,1.00
-82.74,88.49,0.00,1.00
-69.71,75.02,0.00,1.00
-63.84,57.88,0.00,1.00
-145.17,178.13,0.00,1.00
-107.60,129.85,0.00,1.00
-139.59,63.52,0.00,1.00
-53.49,60.19,0.00,1.00
-119.03,141.89,0.00,1.00
-85.92,-8.15,0.00,1.00
-102.40,109.99,0.00,1.00
76.99,-33.44,0.00,1.00
-92.14,103.03,0.00,1.00
-81.56,95.33,0.00,1.00
-183.32,119.93,0.00,1.00
-121.20,21.53,0.00,1.00
-58.19,70.19,0.00,1.00
-78.69,81.49,0.00,1.00
32.78,-10.54,0.00,1.00
-60.13,60.17,0.00,1.00
-63.92,-22.58,0.00,1.00
-116.76,-1.01,0.00,1.00
92.59,-51.88,0.00,1.00
-107.97,126.92,0.00,1.00
75.93,-38.72,0.00,1.00
-78.54,80.17,0.00,1.00
-143.88,54.78,0.00,1.00
-138.98,34.94,0.00,1.00
-129.28,146.09,0.00,1.00
-57.96,-35.48,0.00,1.00
93.26,-63.83,0.00,1.00
164.40,-152.31,0.00,1.00
-71.10,-18.36,0.00,1.00
62.82,-20.61,0.00,1.00
-110.81,117.85,0.00,1.00
-167.18,78.78,0.00,1.00
-118.63,18.43,0.00,1.00
112.83,-111.77,0.00,1.00
17.15,22.87,0.00,1.00
-94.74,1.47,0.00,1.00
-73.61,85.66,0.00,1.00
-104.01,109.38,0.00,1.00
-130.04,48.56,0.00,1.00
69.40,-39.37,0.00,1.00
118.82,-96.19,0.00,1.00
-139.72,72.95,0.00,1.00
59.78,-28.04,0.00,1.00
70.59,-35.51,0.00,1.00
-104.16,121.19,0.00,1.00
66.95,-28.63,0.00,1.00
91.96,-71.74,0.00,1.00
101.13,-65.54,0.00,1.00
76.35,-31.89,0.00,1.00
59.36,-34.64,0.00,1.00
-95.59,103.17,0.00,1.00
-46.36,10.62,0.00,1.00
-155.94,56.28,0.00,1.00
16.44,23.25,0.00,1.00
69.02,-41.81,0.00,1.00
-60.11,54.08,0.00,1.00
100.18,-74.12,0.00,1.00
-104.20,103.32,0.00,1.00
-89.69,113.10,0.00,1.00
-62.99,74.72,0.00,1.00
-95.19,-4.64,0.00,1.00
-27.53,17.70,0.00,1.00
-102.34,99.67,0.00,1.00
-114.05,21.85,0.00,1.00
-113.81,37.94,0.00,1.00
-101.55,11.55,0.00,1.00
-65.25,-21.68,0.00,1.00
107.93,-92.67,0.00,1.00
95.80,-61.81,0.00,1.00
61.98,-46.62,0.00,1.00
12.54,31.67,0.00,1.00
-92.48,124.99,0.00,1.00
76.60,-38.57,0.00,1.00
-188.42,113.56,0.00,1.00
-94.50,-1.87,0.00,1.00
-97.70,17.97,0.00,1.00
-137.59,158.43,0.00,1.00
102.29,-93.12,0.00,1.00
44.37,-21.89,0.00,1.00
-68.70,-32.06,0.00,1.00
-78.84,72.57,0.00,1.00
-56.16,41.84,0.00,1.00
90.40,-58.73,0.00,1.00
99.16,-73.89,0.00,1.00
72.89,-24.08,0.00,1.00
-101.28,5.72,0.00,1.00
76.27,-30.92,0.00,1.00
-61.30,-60.51,0.00,1.00
-82.92,81.36,0.00,1.00
56.42,-0.30,0.00,1.00
-57.86,-33.93,0.00,1.00
88.33,-87.99,0.00,1.00
92.78,-62.96,0.00,1.00
-56.49,77.38,0.00,1.00
79.78,-46.99,0.00,1.00
51.19,-9.68,0.00,1.00
-79.47,-2.67,0.00,1.00
8.77,31.11,0.00,1.00
-63.66,98.65,0.00,1.00
-84.96,86.55,0.00,1.00
-68.44,45.97,0.00,1.00
40.24,-5.76,0.00,1.00
92.97,-82.32,0.00,1.00
112.25,-93.99,0.00,1.00
94.33,-55.12,0.00,1.00
-81.26,97.79,0.00,1.00
85.04,-68.40,0.00,1.00
-135.24,68.99,0.00,1.00
53.92,-6.41,0.00,1.00
-199.09,117.19,0.00,1.00
-111.16,21.11,0.00,1.00
-96.64,95.96,0.00,1.00
85.56,-36.35,0.00,1.00
64.73,-36.36,0.00,1.00
-111.79,7.65,0.00,1.00
-139.75,55.00,0.00,1.00
89.33,-56.78,0.00,1.00
78.23,-55.03,0.00,1.00
-97.92,5.59,0.00,1.00
-105.77,26.32,0.00,1.00
-98.63,1.85,0.00,1.00
37.15,-7.60,0.00,1.00
-153.56,61.18,0.00,1.00
-64.01,72.25,0.00,1.00
-87.73,-8.23,0.00,1.00
-47.00,-30.71,0.00,1.00
-73.33,-23.33,0.00,1.00
-130.92,144.56,0.00,1.00
-134.11,55.79,0.00,1.00
-91.49,-7.70,0.00,1.00
121.81,-114.86,0.00,1.00
-156.05,61.05,0.00,1.00
57.10,-25.18,0.00,1.00
-87.68,71.13,0.00,1.00
-145.71,67.26,0.00,1.00
-133.42,134.93,0.00,1.00
-85.53,-1.63,0.00,1.00
122.00,-89.58,0.00,1.00
-65.95,83.94,0.00,1.00
84.23,-44.96,0.00,1.00
-80.98,112.24,0.00,1.00
-68.27,75.72,0.00,1.00
-118.59,127.23,0.00,1.00
71.24,-24.81,0.00,1.00
-69.85,112.41,0.00,1.00
-79.03,-4.68,0.00,1.00
-84.25,103.69,0.00,1.00
-86.97,104.87,0.00,1.00
-165.63,83.89,0.00,1.00
184.46,-172.14,0.00,1.00
-99.22,119.91,0.00,1.00
-75.00,87.60,0.00,1.00
-130.11,165.93,0.00,1.00
62.69,-50.90,0.00,1.00
76.53,-53.90,0.00,1.00
13.19,15.66,0.00,1.00
-106.17,113.13,0.00,1.00
-51.46,48.88,0.00,1.00
107.17,-87.22,0.00,1.00
16.05,36.29,0.00,1.00
-56.29,44.33,0.00,1.00
-152.95,84.54,0.00,1.00
-37.96,-78.15,0.00,1.00
-94.98,103.78,0.00,1.00
98.20,-95.02,0.00,1.00
-136.54,148.92,0.00,1.00
-62.90,59.46,0.00,1.00
-80.57,-24.82,0.00,1.00
-85.02,-17.38,0.00,1.00
-102.06,22.64,0.00,1.00
-75.70,70.09,0.00,1.00
128.89,-114.69,0.00,1.00
-146.96,61.61,0.00,1.00
-103.49,29.07,0.00,1.00
102.37,-78.44,0.00,1.00
-107.77,100.67,0.00,1.00
-103.80,25.05,0.00,1.00
97.24,-54.59,0.00,1.00
103.08,-100.34,0.00,1.00
-77.86,-15.43,0.00,1.00
74.98,-44.10,0.00,1.00
89.86,-84.39,0.00,1.00
-145.17,172.19,0.00,1.00
-101.06,126.79,0.00,1.00
-134.96,65.09,0.00,1.00
-91.35,-24.32,0.00,1.00
-111.35,106.89,0.00,1.00
97.66,-65.12,0.00,1.00
-120.18,25.30,0.00,1.00
-149.43,100.88,0.00,1.00
-119.20,143.63,0.00,1.00
78.98,-55.49,0.00,1.00
-160.49,99.49,0.00,1.00
-86.44,87.06,0.00,1.00
-172.57,83.14,0.00,1.00
65.61,-19.62,0.00,1.00
98.57,-53.51,0.00,1.00
-104.58,110.52,0.00,1.00
-115.94,113.39,0.00,1.00
-104.12,126.64,0.00,1.00
-46.46,44.64,0.00,1.00
104.83,-87.88,0.00,1.00
-90.38,-10.03,0.00,1.00
-102.52,26.14,0.00,1.00
-81.90,-0.64,0.00,1.00
-105.99,16.99,0.00,1.00
-101.74,31.65,0.00,1.00
-132.70,146.05,0.00,1.00
-90.02,16.78,0.00,1.00
-106.80,21.23,0.00,1.00
-96.52,17.24,0.00,1.00
-146.53,71.49,0.00,1.00
-79.39,77.70,0.00,1.00
-87.89,25.27,0.00,1.00
-189.17,123.72,0.00,1.00
77.45,-33.16,0.00,1.00
-94.83,13.76,0.00,1.00
38.26,-0.23,0.00,1.00
85.23,-69.16,0.00,1.00
-72.61,50.99,0.00,1.00
78.98,-45.12,0.00,1.00
-135.59,49.98,0.00,1.00
122.23,-74.46,0.00,1.00
-110.40,109.22,0.00,1.00
94.85,-59.82,0.00,1.00
103.31,-80.14,0.00,1.00
-87.51,8.68,0.00,1.00
-42.45,-84.81,0.00,1.00
29.45,33.25,0.00,1.00
-101.81,24.33,0.00,1.00
-91.81,29.37,0.00,1.00
-130.38,176.38,0.00,1.00
-100.85,15.59,0.00,1.00
-92.99,81.80,0.00,1.00
101.51,-82.58,0.00,1.00
-94.46,109.45,0.00,1.00
-82.58,-8.03,0.00,1.00
-134.89,43.28,0.00,1.00
-96.15,120.63,0.00,1.00
69.14,-35.41,0.00,1.00
-70.29,71.93,0.00,1.00
-66.56,-32.26,0.00,1.00
84.08,-74.31,0.00,1.00
-102.20,5.55,0.00,1.00
-93.62,112.61,0.00,1.00
-189.57,121.10,0.00,1.00
-143.59,174.50,0.00,1.00
51.04,-13.77,0.00,1.00
-99.69,-0.19,0.00,1.00
-57.67,-38.39,0.00,1.00
-102.08,15.19,0.00,1.00
-83.35,11.40,0.00,1.00
-108.92,127.20,0.00,1.00
-127.07,129.19,0.00,1.00
-109.00,23.77,0.00,1.00
126.52,-125.96,0.00,1.00
-119.31,55.10,0.00,1.00
50.08,-3.86,0.00,1.00
-90.82,-5.55,0.00,1.00
71.10,-48.63,0.00,1.00
68.92,-34.21,0.00,1.00
-85.69,-2.60,0.00,1.00
-78.32,94.86,0.00,1.00
82.60,-19.33,0.00,1.00
5.79,-2.10,0.00,1.00
-72.61,-36.38,0.00,1.00
59.81,-9.40,0.00,1.00
-52.22,-41.71,0.00,1.00
70.37,-51.81,0.00,1.00
105.85,-70.54,0.00,1.00
-83.08,-13.85,0.00,1.00
-160.29,99.40,0.00,1.00
-133.81,150.92,0.00,1.00
-86.21,-6.01,0.00,1.00
105.93,-92.12,0.00,1.00
-93.88,94.94,0.00,1.00
-83.22,80.08,0.00,1.00
-55.08,-67.85,0.00,1.00
67.74,-16.55,0.00,1.00
113.08,-101.58,0.00,1.00
-47.52,40.01,0.00,1.00
40.98,17.41,0.00,1.00
102.98,-76.25,0.00,1.00
98.77,-81.92,0.00,1.00
-95.80,85.39,0.00,1.00
-39.00,41.32,0.00,1.00
-66.41,5.38,0.00,1.00
-87.30,89.32,0.00,1.00
90.97,-71.81,0.00,1.00
-99.28,4.07,0.00,1.00
62.59,-42.59,0.00,1.00
-147.82,49.02,0.00,1.00
-119.88,32.00,0.00,1.00
85.65,-61.76,0.00,1.00
46.87,-25.89,0.00,1.00
98.86,-84.78,0.00,1.00
88.95,-78.09,0.00,1.00
67.08,-17.36,0.00,1.00
-86.36,-2.64,0.00,1.00
48.16,-11.76,0.00,1.00
-122.66,49.82,0.00,1.00
-135.44,45.61,0.00,1.00
54.32,-14.88,0.00,1.00
109.04,-97.37,0.00,1.00
-74.21,77.26,0.00,1.00
-87.05,-0.72,0.00,1.00
-96.49,-15.98,0.00,1.00
3.28,-26.66,0.00,1.00
-131.27,29.58,0.00,1.00
78.76,-33.03,0.00,1.00
-95.67,105.40,0.00,1.00
92.92,-50.52,0.00,1.00
51.44,-31.99,0.00,1.00
39.64,17.57,0.00,1.00
-83.16,-15.39,0.00,1.00
-88.75,-15.02,0.00,1.00
-94.02,101.61,0.00,1.00
-128.37,48.90,0.00,1.00
-128.68,42.89,0.00,1.00
-58.62,36.62,0.00,1.00
-124.63,61.14,0.00,1.00
15.34,38.03,0.00,1.00
-189.57,213.74,0.00,1.00
-60.42,84.73,0.00,1.00
151.71,-155.27,0.00,1.00
66.30,-16.96,0.00,1.00
75.12,-27.63,0.00,1.00
-58.80,50.16,0.00,1.00
-106.69,1.07,0.00,1.00
101.13,-87.90,0.00,1.00
-110.19,9.19,0.00,1.00
101.76,-62.33,0.00,1.00
90.35,-91.09,0.00,1.00
-73.20,91.45,0.00,1.00
95.31,-61.72,0.00,1.00
7.12,39.08,0.00,1.00
74.97,-28.66,0.00,1.00
-138.76,15.14,0.00,1.00
-75.90,-33.69,0.00,1.00
24.55,33.65,0.00,1.00
82.04,-52.19,0.00,1.00
19.62,15.48,0.00,1.00
-97.83,115.22,0.00,1.00
67.00,-31.23,0.00,1.00
-91.31,102.30,0.00,1.00
132.20,-119.21,0.00,1.00
-91.30,125.62,0.00,1.00
92.46,-49.79,0.00,1.00
-60.73,-50.82,0.00,1.00
-93.96,16.32,0.00,1.00
-142.22,173.96,0.00,1.00
-107.98,16.05,0.00,1.00
-120.30,35.81,0.00,1.00
-101.79,90.32,0.00,1.00
-141.13,153.42,0.00,1.00
-90.34,109.35,0.00,1.00
-122.63,122.76,0.00,1.00
-78.31,-1.55,0.00,1.00
-81.76,-7.13,0.00,1.00
-47.69,29.13,0.00,1.00
81.87,-39.56,0.00,1.00
5.57,35.61,0.00,1.00
-121.93,134.13,0.00,1.00
114.03,-101.85,0.00,1.00
92.12,-76.37,0.00,1.00
-134.95,43.00,0.00,1.00
-93.89,97.13,0.00,1.00
51.88,2.86,0.00,1.00
111.11,-68.80,0.00,1.00
106.97,-95.36,0.00,1.00
-139.86,60.35,0.00,1.00
69.13,-36.36,0.00,1.00
-79.13,4.46,0.00,1.00
11.56,25.94,0.00,1.00
68.35,-38.11,0.00,1.00
-61.58,56.00,0.00,1.00
46.28,-27.24,0.00,1.00
-174.23,93.28,0.00,1.00
-92.31,87.18,0.00,1.00
-109.16,11.03,0.00,1.00
-92.37,6.17,0.00,1.00
-103.87,96.64,0.00,1.00
-119.28,43.75,0.00,1.00
-99.88,111.59,0.00,1.00
-166.34,109.49,0.00,1.00
86.92,-34.13,0.00,1.00
87.72,-63.28,0.00,1.00
-116.10,23.95,0.00,1.00
98.17,-66.95,0.00,1.00
69.78,-37.12,0.00,1.00
55.20,8.86,0.00,1.00
-134.45,164.71,0.00,1.00
137.79,-118.14,0.00,1.00
-70.28,74.71,0.00,1.00
74.63,-40.24,0.00,1.00
-81.43,-16.43,0.00,1.00
-96.61,115.90,0.00,1.00
74.48,-21.53,0.00,1.00
-64.91,87.63,0.00,1.00
-70.80,64.51,0.00,1.00
-114.68,155.54,0.00,1.00
-130.28,160.98,0.00,1.00
-107.45,9.91,0.00,1.00
-138.22,57.71,0.00,1.00
126.57,-107.15,0.00,1.00
57.18,-35.68,0.00,1.00
-136.15,36.68,0.00,1.00
-109.88,11.51,0.00,1.00
-57.97,-53.30,0.00,1.00
89.76,-41.77,0.00,1.00
68.05,-66.00,0.00,1.00
-91.69,85.71,0.00,1.00
59.70,-21.69,0.00,1.00
87.43,-21.10,0.00,1.00
-148.81,181.57,0.00,1.00
-119.73,37.40,0.00,1.00
-82.97,117.42,0.00,1.00
95.33,-46.48,0.00,1.00
-76.13,62.98,0.00,1.00
-120.27,16.75,0.00,1.00
-121.11,128.92,0.00,1.00
116.61,-95.21,0.00,1.00
-108.32,17.01,0.00,1.00
37.00,4.95,0.00,1.00
-117.70,138.81,0.00,1.00
79.98,-62.36,0.00,1.00
-30.12,-78.76,0.00,1.00
107.71,-79.59,0.00,1.00
21.73,30.50,0.00,1.00
-91.53,78.79,0.00,1.00
94.02,-69.68,0.00,1.00
-84.91,-11.51,0.00,1.00
-80.87,-20.10,0.00,1.00
-86.30,-4.48,0.00,1.00
-8.23,-1.44,0.00,1.00
-120.54,140.11,0.00,1.00
-34.41,-77.06,0.00,1.00
116.22,-71.77,0.00,1.00
106.17,-81.55,0.00,1.00
61.73,-14.71,0.00,1.00
-126.98,47.15,0.00,1.00
-123.98,137.15,0.00,1.00
-126.06,47.38,0.00,1.00
-94.68,-37.58,0.00,1.00
-86.80,19.75,0.00,1.00
-107.15,115.41,0.00,1.00
-109.34,29.67,0.00,1.00
-70.57,-20.78,0.00,1.00
-164.58,201.44,0.00,1.00
-59.99,83.47,0.00,1.00
-82.96,9.22,0.00,1.00
-142.38,42.69,0.00,1.00
-78.39,-11.88,0.00,1.00
-100.66,105.66,0.00,1.00
98.98,-93.24,0.00,1.00
69.34,-8.42,0.00,1.00
-118.71,27.87,0.00,1.00
-100.78,124.38,0.00,1.00
115.98,-87.20,0.00,1.00
-94.91,-14.84,0.00,1.00
93.30,-58.03,0.00,1.00
-116.95,115.49,0.00,1.00
30.90,6.35,0.00,1.00
-62.44,-47.00,0.00,1.00
-68.13,-5.56,0.00,1.00
-112.21,24.26,0.00,1.00
97.98,-73.72,0.00,1.00
-130.57,69.32,0.00,1.00
-120.52,17.98,0.00,1.00
-69.46,88.30,0.00,1.00
56.54,-6.43,0.00,1.00
113.42,-89.65,0.00,1.00
-117.05,148.47,0.00,1.00
-80.57,66.54,0.00,1.00
-41.59,9.34,0.00,1.00
35.48,-4.25,0.00,1.00
-78.01,68.58,0.00,1.00
-148.26,54.05,0.00,1.00
-76.83,-22.09,0.00,1.00
93.23,-53.72,0.00,1.00
-83.31,97.44,0.00,1.00
93.09,-53.10,0.00,1.00
-108.71,122.09,0.00,1.00
92.54,-43.68,0.00,1.00
-49.32,48.05,0.00,1.00
-134.22,134.89,0.00,1.00
-59.58,51.01,0.00,1.00
-91.67,74.92,0.00,1.00
86.29,-71.78,0.00,1.00
-145.61,171.92,0.00,1.00
-100.34,9.46,0.00,1.00
-110.10,11.76,0.00,1.00
-77.24,75.57,0.00,1.00
67.71,-36.91,0.00,1.00
-130.49,32.41,0.00,1.00
112.55,-101.78,0.00,1.00
-119.72,22.57,0.00,1.00
85.83,-71.42,0.00,1.00
-125.71,35.11,0.00,1.00
97.67,-76.96,0.00,1.00
-115.84,43.11,0.00,1.00
-90.13,95.67,0.00,1.00
-111.09,22.00,0.00,1.00
96.85,-77.17,0.00,1.00
-99.18,-2.01,0.00,1.00
-153.39,87.61,0.00,1.00
21.03,30.39,0.00,1.00
-91.95,2.37,0.00,1.00
-115.21,55.35,0.00,1.00
-126.02,49.26,0.00,1.00
-105.67,101.31,0.00,1.00
-132.61,125.82,0.00,1.00
93.50,-37.55,0.00,1.00
88.71,-50.55,0.00,1.00
130.56,-96.00,0.00,1.00
-103.99,124.88,0.00,1.00
