195.05,-40.70,0.00,1.00
84.23,-197.82,0.00,1.00
-73.25,192.09,0.00,1.00
-143.47,177.43,0.00,1.00
37.70,120.52,0.00,1.00
64.38,24.15,0.00,1.00
74.82,-206.86,0.00,1.00
-193.10,45.03,0.00,1.00
44.47,-194.59,0.00,1.00
187.43,-84.88,0.00,1.00
-30.62,-118.96,0.00,1.00
-60.98,-37.51,0.00,1.00
-73.76,56.06,0.00,1.00
-203.14,-7.36,0.00,1.00
-200.91,38.13,0.00,1.00
-212.50,-46.68,0.00,1.00
59.59,-204.00,0.00,1.00
-156.61,135.62,0.00,1.00
73.00,-15.34,0.00,1.00
-43.93,-99.07,0.00,1.00
-39.00,201.28,0.00,1.00
-123.43,186.45,0.00,1.00
-178.82,104.74,0.00,1.00
-200.00,63.91,0.00,1.00
75.48,6.39,0.00,1.00
-107.77,218.98,0.00,1.00
-154.46,153.14,0.00,1.00
-49.81,180.34,0.00,1.00
-199.09,49.69,0.00,1.00
188.11,-44.03,0.00,1.00
64.10,-53.68,0.00,1.00
207.10,29.31,0.00,1.00
-33.27,-87.76,0.00,1.00
199.30,13.81,0.00,1.00
27.54,-160.35,0.00,1.00
-184.77,131.72,0.00,1.00
210.48,73.63,0.00,1.00
53.16,36.76,0.00,1.00
-210.35,-68.57,0.00,1.00
31.21,133.40,0.00,1.00
-189.12,124.63,0.00,1.00
215.51,47.00,0.00,1.00
-35.84,-102.93,0.00,1.00
-58.27,9.35,0.00,1.00
-23.97,188.98,0.00,1.00
-202.47,20.56,0.00,1.00
-189.22,126.40,0.00,1.00
9.50,-160.85,0.00,1.00
59.57,4.47,0.00,1.00
-139.15,194.48,0.00,1.00
43.00,-177.19,0.00,1.00
-50.19,-55.17,0.00,1.00
-12.25,-131.18,0.00,1.00
1.83,150.31,0.00,1.00
22.36,-150.72,0.00,1.00
31.60,123.61,0.00,1.00
-133.88,183.10,0.00,1.00
-206.33,-4.49,0.00,1.00
25.14,-155.95,0.00,1.00
68.60,-197.13,0.00,1.00
-213.42,25.42,0.00,1.00
75.06,-55.16,0.00,1.00
-81.13,208.36,0.00,1.00
3.89,-162.55,0.00,1.00
133.35,-165.49,0.00,1.00
47.03,79.11,0.00,1.00
63.93,-201.14,0.00,1.00
-201.80,-40.38,0.00,1.00
-132.67,197.43,0.00,1.00
-72.65,197.21,0.00,1.00
-23.26,-165.30,0.00,1.00
102.36,-166.95,0.00,1.00
61.09,14.58,0.00,1.00
33.93,123.80,0.00,1.00
60.66,64.72,0.00,1.00
121.93,-164.98,0.00,1.00
-202.04,88.72,0.00,1.00
179.44,-49.84,0.00,1.00
-202.73,2.54,0.00,1.00
137.32,-168.14,0.00,1.00
-96.63,205.51,0.00,1.00
178.76,-104.15,0.00,1.00
-36.79,180.43,0.00,1.00
-214.30,-30.02,0.00,1.00
64.55,46.53,0.00,1.00
-41.80,181.96,0.00,1.00
55.80,40.85,0.00,1.00
-91.07,183.38,0.00,1.00
157.61,-127.43,0.00,1.00
59.37,-178.51,0.00,1.00
-111.45,198.92,0.00,1.00
191.18,-30.69,0.00,1.00
66.77,-66.32,0.00,1.00
-60.46,228.53,0.00,1.00
-101.92,153.19,0.00,1.00
87.56,-214.76,0.00,1.00
-53.97,-45.80,0.00,1.00
182.10,-88.42,0.00,1.00
144.57,-127.53,0.00,1.00
-44.25,-109.17,0.00,1.00
-130.81,170.58,0.00,1.00
-58.10,-49.90,0.00,1.00
-142.04,170.61,0.00,1.00
-6.27,179.99,0.00,1.00
193.99,-33.25,0.00,1.00
3.99,166.27,0.00,1.00
-25.75,-110.37,0.00,1.00
-199.79,31.60,0.00,1.00
-1.77,149.08,0.00,1.00
-129.83,168.69,0.00,1.00
69.17,-72.04,0.00,1.00
-188.94,62.88,0.00,1.00
-32.53,203.95,0.00,1.00
132.45,-149.85,0.00,1.00
62.02,-84.73,0.00,1.00
-9.16,204.35,0.00,1.00
3.73,-169.57,0.00,1.00
63.53,71.58,0.00,1.00
41.18,-179.34,0.00,1.00
-76.06,213.18,0.00,1.00
-71.50,-24.31,0.00,1.00
-194.82,-10.73,0.00,1.00
-75.10,50.80,0.00,1.00
-164.88,110.77,0.00,1.00
68.56,-196.83,0.00,1.00
203.12,-41.27,0.00,1.00
-40.83,-102.44,0.00,1.00
-60.37,-32.86,0.00,1.00
177.81,-70.67,0.00,1.00
166.27,-119.14,0.00,1.00
54.85,74.85,0.00,1.00
144.07,-144.41,0.00,1.00
-224.55,-45.14,0.00,1.00
213.63,20.03,0.00,1.00
207.49,0.90,0.00,1.00
-68.16,-2.42,0.00,1.00
-133.04,182.52,0.00,1.00
97.67,-191.24,0.00,1.00
202.22,-66.94,0.00,1.00
27.67,-177.96,0.00,1.00
-40.33,-103.41,0.00,1.00
158.70,-113.27,0.00,1.00
71.53,-23.08,0.00,1.00
-222.77,35.32,0.00,1.00
4.94,153.04,0.00,1.00
121.94,-198.92,0.00,1.00
207.00,77.81,0.00,1.00
-98.69,199.89,0.00,1.00
-209.22,-29.14,0.00,1.00
94.97,-207.38,0.00,1.00
-69.11,19.60,0.00,1.00
211.69,48.15,0.00,1.00
-64.49,41.30,0.00,1.00
-215.56,57.76,0.00,1.00
197.59,-82.20,0.00,1.00
-196.76,-1.64,0.00,1.00
-46.68,207.94,0.00,1.00
68.59,-9.92,0.00,1.00
-44.24,225.51,0.00,1.00
173.14,-97.52,0.00,1.00
-91.65,184.34,0.00,1.00
199.26,-51.69,0.00,1.00
-72.38,202.35,0.00,1.00
-20.97,197.45,0.00,1.00
-50.19,-61.46,0.00,1.00
-198.06,-7.73,0.00,1.00
-52.58,208.29,0.00,1.00
95.21,-169.10,0.00,1.00
-129.93,173.63,0.00,1.00
-25.65,189.64,0.00,1.00
161.04,-94.81,0.00,1.00
18.21,137.47,0.00,1.00
146.07,-146.02,0.00,1.00
-82.62,50.08,0.00,1.00
181.13,-96.24,0.00,1.00
16.31,147.84,0.00,1.00
-153.42,132.43,0.00,1.00
46.44,48.46,0.00,1.00
-66.06,208.35,0.00,1.00
-26.47,-124.63,0.00,1.00
32.99,-168.83,0.00,1.00
64.42,-26.58,0.00,1.00
73.35,-27.81,0.00,1.00
159.91,-137.91,0.00,1.00
-63.30,-32.98,0.00,1.00
-126.05,197.27,0.00,1.00
77.80,-211.66,0.00,1.00
209.01,19.28,0.00,1.00
68.31,28.88,0.00,1.00
-187.01,15.03,0.00,1.00
203.05,41.58,0.00,1.00
71.75,-194.15,0.00,1.00
-179.48,96.91,0.00,1.00
2.34,152.59,0.00,1.00
44.59,-163.16,0.00,1.00
36.06,114.45,0.00,1.00
171.19,-92.41,0.00,1.00
-225.33,-42.43,0.00,1.00
28.35,143.70,0.00,1.00
-21.26,-126.55,0.00,1.00
119.52,-163.71,0.00,1.00
-73.46,34.72,0.00,1.00
-37.83,-119.63,0.00,1.00
-156.65,150.31,0.00,1.00
64.57,-183.67,0.00,1.00
57.25,33.47,0.00,1.00
-40.02,-83.59,0.00,1.00
162.12,-118.61,0.00,1.00
-21.00,-109.96,0.00,1.00
-200.43,65.03,0.00,1.00
-68.16,67.74,0.00,1.00
-51.85,-10.09,0.00,1.00
-198.19,41.91,0.00,1.00
57.22,42.34,0.00,1.00
53.84,85.03,0.00,1.00
195.32,-40.70,0.00,1.00
-132.65,161.63,0.00,1.00
49.48,-169.65,0.00,1.00
160.16,-152.17,0.00,1.00
-203.30,11.52,0.00,1.00
-202.36,29.68,0.00,1.00
198.93,-43.36,0.00,1.00
-51.53,180.61,0.00,1.00
65.15,-163.07,0.00,1.00
-201.47,7.11,0.00,1.00
6.52,-174.31,0.00,1.00
73.49,8.22,0.00,1.00
198.54,6.79,0.00,1.00
78.17,-198.44,0.00,1.00
95.67,-186.34,0.00,1.00
35.11,109.41,0.00,1.00
140.09,-189.59,0.00,1.00
-195.26,101.22,0.00,1.00
-197.69,63.41,0.00,1.00
33.59,-180.10,0.00,1.00
-185.82,99.36,0.00,1.00
32.87,152.17,0.00,1.00
-202.66,42.12,0.00,1.00
-204.35,15.43,0.00,1.00
195.75,-90.82,0.00,1.00
-5.25,177.04,0.00,1.00
201.05,-0.39,0.00,1.00
125.85,-176.49,0.00,1.00
65.76,16.83,0.00,1.00
-41.38,185.58,0.00,1.00
-184.80,104.93,0.00,1.00
65.65,22.13,0.00,1.00
51.70,1.82,0.00,1.00
-166.45,132.80,0.00,1.00
62.48,62.41,0.00,1.00
5.88,-178.18,0.00,1.00
-208.79,-24.24,0.00,1.00
209.41,27.55,0.00,1.00
161.74,-155.89,0.00,1.00
-53.98,52.56,0.00,1.00
206.04,44.12,0.00,1.00
0.57,-152.04,0.00,1.00
-67.46,-11.21,0.00,1.00
139.69,-128.46,0.00,1.00
187.57,-51.19,0.00,1.00
-194.56,57.42,0.00,1.00
202.92,-51.16,0.00,1.00
182.36,-80.68,0.00,1.00
-91.33,207.86,0.00,1.00
-95.24,182.43,0.00,1.00
64.71,-31.70,0.00,1.00
188.01,-96.51,0.00,1.00
105.67,-193.50,0.00,1.00
39.14,-187.50,0.00,1.00
-205.30,23.14,0.00,1.00
-64.21,-18.66,0.00,1.00
-25.94,184.99,0.00,1.00
43.76,-207.83,0.00,1.00
-180.62,110.38,0.00,1.00
-32.36,-118.93,0.00,1.00
61.15,40.92,0.00,1.00
155.68,-150.06,0.00,1.00
72.99,-22.93,0.00,1.00
-130.05,215.02,0.00,1.00
48.61,87.37,0.00,1.00
64.05,-7.16,0.00,1.00
-95.64,182.82,0.00,1.00
-93.74,199.25,0.00,1.00
14.59,158.67,0.00,1.00
74.87,-200.85,0.00,1.00
162.58,-92.10,0.00,1.00
34.25,72.02,0.00,1.00
213.33,61.32,0.00,1.00
-61.89,-47.96,0.00,1.00
-53.24,-16.37,0.00,1.00
17.52,153.09,0.00,1.00
-18.27,207.27,0.00,1.00
190.67,-80.61,0.00,1.00
158.56,-129.35,0.00,1.00
56.22,24.56,0.00,1.00
-17.28,-133.45,0.00,1.00
176.96,-101.29,0.00,1.00
1.77,171.70,0.00,1.00
80.89,-25.07,0.00,1.00
-55.48,-61.01,0.00,1.00
30.67,126.90,0.00,1.00
-21.24,-157.72,0.00,1.00
60.88,4.82,0.00,1.00
187.58,-70.81,0.00,1.00
-186.61,98.26,0.00,1.00
-203.92,-47.57,0.00,1.00
-8.83,-172.88,0.00,1.00
-173.80,126.40,0.00,1.00
32.40,-156.87,0.00,1.00
124.34,-178.94,0.00,1.00
75.31,-197.15,0.00,1.00
26.40,124.97,0.00,1.00
39.38,110.24,0.00,1.00
191.14,-56.76,0.00,1.00
-18.52,188.69,0.00,1.00
-116.11,184.60,0.00,1.00
-45.62,195.29,0.00,1.00
-62.69,-11.69,0.00,1.00
206.74,7.25,0.00,1.00
135.63,-174.36,0.00,1.00
77.20,-44.25,0.00,1.00
95.99,-189.65,0.00,1.00
-69.45,176.96,0.00,1.00
-65.31,62.67,0.00,1.00
25.50,119.02,0.00,1.00
28.64,119.93,0.00,1.00
-135.06,179.34,0.00,1.00
-192.58,117.50,0.00,1.00
205.63,-17.19,0.00,1.00
-167.95,125.56,0.00,1.00
-106.76,198.60,0.00,1.00
3.00,142.06,0.00,1.00
-203.95,-58.49,0.00,1.00
66.24,-70.52,0.00,1.00
-73.63,36.77,0.00,1.00
-133.12,184.84,0.00,1.00
55.55,-200.22,0.00,1.00
-62.80,-29.17,0.00,1.00
-19.22,204.21,0.00,1.00
172.54,-120.38,0.00,1.00
-43.05,204.14,0.00,1.00
161.22,-146.94,0.00,1.00
-70.09,65.71,0.00,1.00
36.66,108.14,0.00,1.00
-91.68,190.86,0.00,1.00
108.67,-184.69,0.00,1.00
-215.62,3.55,0.00,1.00
106.65,-181.10,0.00,1.00
-64.52,192.33,0.00,1.00
-208.54,51.43,0.00,1.00
-109.77,181.69,0.00,1.00
-143.38,116.07,0.00,1.00
168.89,-122.78,0.00,1.00
116.95,-179.38,0.00,1.00
104.69,-174.20,0.00,1.00
-130.13,201.70,0.00,1.00
-133.78,177.01,0.00,1.00
131.48,-180.60,0.00,1.00
205.31,77.56,0.00,1.00
153.03,-177.67,0.00,1.00
-224.59,-54.38,0.00,1.00
55.38,96.51,0.00,1.00
-127.54,188.32,0.00,1.00
-196.25,82.27,0.00,1.00
-96.73,192.06,0.00,1.00
69.92,36.40,0.00,1.00
62.09,37.94,0.00,1.00
-0.67,175.64,0.00,1.00
84.32,-176.43,0.00,1.00
-64.25,37.71,0.00,1.00
-90.42,193.41,0.00,1.00
-177.53,128.13,0.00,1.00
20.16,-189.82,0.00,1.00
-72.22,189.71,0.00,1.00
65.02,-77.54,0.00,1.00
230.00,41.07,0.00,1.00
38.11,-182.71,0.00,1.00
207.25,0.24,0.00,1.00
-214.36,3.45,0.00,1.00
20.62,-171.20,0.00,1.00
-65.01,-6.99,0.00,1.00
-17.03,-140.21,0.00,1.00
-70.80,2.65,0.00,1.00
-42.03,197.87,0.00,1.00
31.15,141.56,0.00,1.00
124.12,-161.75,0.00,1.00
-23.33,207.09,0.00,1.00
55.92,19.89,0.00,1.00
58.87,103.07,0.00,1.00
54.27,24.82,0.00,1.00
189.21,-25.87,0.00,1.00
-61.62,-36.49,0.00,1.00
-17.92,-129.35,0.00,1.00
22.27,135.40,0.00,1.00
-51.34,-88.33,0.00,1.00
-49.92,-25.84,0.00,1.00
152.65,-157.30,0.00,1.00
169.28,-96.10,0.00,1.00
45.61,62.21,0.00,1.00
187.51,-47.27,0.00,1.00
-50.56,230.00,0.00,1.00
206.71,-11.02,0.00,1.00
-188.67,116.98,0.00,1.00
-92.39,177.45,0.00,1.00
-62.70,-17.00,0.00,1.00
205.72,-7.43,0.00,1.00
90.20,-211.08,0.00,1.00
9.82,-155.43,0.00,1.00
-75.98,7.27,0.00,1.00
-116.31,179.16,0.00,1.00
-210.97,-50.40,0.00,1.00
-62.69,-50.85,0.00,1.00
-7.98,-135.31,0.00,1.00
-1.19,-168.34,0.00,1.00
5.18,171.75,0.00,1.00
26.29,114.67,0.00,1.00
-209.02,54.42,0.00,1.00
-82.82,199.79,0.00,1.00
4.86,-183.63,0.00,1.00
153.66,-138.58,0.00,1.00
-197.27,43.43,0.00,1.00
-175.19,123.00,0.00,1.00
189.85,-36.09,0.00,1.00
182.17,-32.26,0.00,1.00
67.10,-32.11,0.00,1.00
-14.22,175.92,0.00,1.00
-77.72,21.77,0.00,1.00
205.15,18.45,0.00,1.00
-21.41,-126.32,0.00,1.00
-176.63,137.69,0.00,1.00
-10.95,-144.71,0.00,1.00
-29.27,185.79,0.00,1.00
-176.05,146.30,0.00,1.00
172.95,-84.72,0.00,1.00
17.82,128.48,0.00,1.00
17.49,182.14,0.00,1.00
29.06,136.20,0.00,1.00
-4.40,157.62,0.00,1.00
-11.77,-157.62,0.00,1.00
20.28,136.93,0.00,1.00
-202.59,-52.02,0.00,1.00
4.39,170.99,0.00,1.00
1.00,-139.86,0.00,1.00
-62.88,184.46,0.00,1.00
123.93,-176.33,0.00,1.00
8.38,-172.92,0.00,1.00
-66.71,62.74,0.00,1.00
193.25,-23.59,0.00,1.00
-87.53,206.50,0.00,1.00
182.15,-102.80,0.00,1.00
117.14,-172.47,0.00,1.00
54.99,-193.24,0.00,1.00
-25.28,201.44,0.00,1.00
-66.81,-38.15,0.00,1.00
53.94,86.95,0.00,1.00
158.30,-130.96,0.00,1.00
-202.42,-4.06,0.00,1.00
-183.63,75.35,0.00,1.00
-216.88,-62.23,0.00,1.00
40.75,95.37,0.00,1.00
-103.94,198.00,0.00,1.00
-97.38,217.56,0.00,1.00
13.21,155.88,0.00,1.00
-52.76,203.71,0.00,1.00
-150.27,155.47,0.00,1.00
-206.85,50.52,0.00,1.00
-41.47,201.17,0.00,1.00
-206.49,-33.73,0.00,1.00
68.27,19.64,0.00,1.00
166.10,-137.62,0.00,1.00
153.19,-129.63,0.00,1.00
-146.34,177.74,0.00,1.00
7.59,150.81,0.00,1.00
67.94,-17.13,0.00,1.00
17.99,152.92,0.00,1.00
-225.79,20.51,0.00,1.00
202.26,17.78,0.00,1.00
-114.16,189.34,0.00,1.00
-55.85,204.62,0.00,1.00
24.73,-168.31,0.00,1.00
-106.09,208.24,0.00,1.00
167.95,-98.95,0.00,1.00
-0.19,175.51,0.00,1.00
-195.75,6.32,0.00,1.00
56.14,-191.83,0.00,1.00
40.26,-189.43,0.00,1.00
46.28,84.83,0.00,1.00
45.66,-186.73,0.00,1.00
-24.66,-118.88,0.00,1.00
-48.18,-119.52,0.00,1.00
43.39,53.65,0.00,1.00
-88.13,202.99,0.00,1.00
-210.10,27.78,0.00,1.00
-116.21,191.93,0.00,1.00
-142.52,170.24,0.00,1.00
78.09,-169.63,0.00,1.00
-15.57,163.60,0.00,1.00
147.32,-136.47,0.00,1.00
170.12,-97.94,0.00,1.00
-55.64,-90.21,0.00,1.00
65.02,27.15,0.00,1.00
-179.41,97.06,0.00,1.00
-63.47,-63.03,0.00,1.00
-53.52,26.28,0.00,1.00
-63.97,-18.00,0.00,1.00
-75.51,210.76,0.00,1.00
-121.86,183.77,0.00,1.00
12.04,142.57,0.00,1.00
60.66,58.75,0.00,1.00
198.58,-77.01,0.00,1.00
-158.67,130.77,0.00,1.00
58.16,-41.24,0.00,1.00
-213.08,4.33,0.00,1.00
141.92,-152.64,0.00,1.00
168.85,-136.18,0.00,1.00
-48.24,-52.37,0.00,1.00
205.88,15.41,0.00,1.00
-27.82,-114.16,0.00,1.00
-93.03,185.29,0.00,1.00
-51.27,-49.52,0.00,1.00
217.95,45.67,0.00,1.00
48.38,81.73,0.00,1.00
43.60,71.76,0.00,1.00
66.51,-202.48,0.00,1.00
152.33,-128.36,0.00,1.00
-0.65,153.02,0.00,1.00
-163.84,118.38,0.00,1.00
-201.90,58.98,0.00,1.00
-154.01,165.72,0.00,1.00
24.68,138.19,0.00,1.00
-40.15,218.69,0.00,1.00
-210.44,-27.73,0.00,1.00
1.67,-169.57,0.00,1.00
77.84,-43.21,0.00,1.00
133.84,-166.96,0.00,1.00
146.96,-173.54,0.00,1.00
-2.97,-138.02,0.00,1.00
-148.29,197.10,0.00,1.00
-116.65,180.88,0.00,1.00
-71.21,-9.55,0.00,1.00
-107.50,207.21,0.00,1.00
-206.27,44.00,0.00,1.00
146.31,-145.59,0.00,1.00
-173.30,137.28,0.00,1.00
7.60,146.31,0.00,1.00
60.37,-193.93,0.00,1.00
-3.52,-172.74,0.00,1.00
20.88,160.93,0.00,1.00
-149.57,158.40,0.00,1.00
-209.95,-40.81,0.00,1.00
-52.11,-98.31,0.00,1.00
97.17,-181.98,0.00,1.00
109.44,-177.04,0.00,1.00
-200.81,30.45,0.00,1.00
-1.38,166.95,0.00,1.00
80.78,-198.86,0.00,1.00
-159.02,134.89,0.00,1.00
-197.27,49.56,0.00,1.00
-101.91,201.42,0.00,1.00
39.15,-191.89,0.00,1.00
27.89,143.09,0.00,1.00
-137.69,167.02,0.00,1.00
3.16,-156.08,0.00,1.00
-68.95,211.82,0.00,1.00
27.94,-171.48,0.00,1.00
89.82,-192.52,0.00,1.00
56.40,35.97,0.00,1.00
10.89,161.13,0.00,1.00
72.89,-52.26,0.00,1.00
-203.36,107.26,0.00,1.00
-13.56,-111.61,0.00,1.00
77.18,-2.57,0.00,1.00
-49.99,-80.60,0.00,1.00
-49.60,-76.20,0.00,1.00
-32.64,199.58,0.00,1.00
-188.84,122.49,0.00,1.00
69.33,29.81,0.00,1.00
-70.82,-19.61,0.00,1.00
-11.63,155.41,0.00,1.00
-132.31,177.42,0.00,1.00
208.45,-22.92,0.00,1.00
19.64,-171.44,0.00,1.00
-158.77,138.58,0.00,1.00
-151.56,141.60,0.00,1.00
-179.39,89.20,0.00,1.00
59.16,80.63,0.00,1.00
-14.40,-177.38,0.00,1.00
99.92,-202.82,0.00,1.00
189.34,-22.87,0.00,1.00
65.66,-197.98,0.00,1.00
161.77,-146.14,0.00,1.00
191.30,-41.34,0.00,1.00
174.72,-102.64,0.00,1.00
94.93,-175.39,0.00,1.00
-194.99,56.41,0.00,1.00
-41.36,202.97,0.00,1.00
199.82,31.36,0.00,1.00
-13.00,-137.33,0.00,1.00
-28.39,-86.76,0.00,1.00
-73.17,-20.29,0.00,1.00
-207.76,-18.83,0.00,1.00
-187.53,80.32,0.00,1.00
0.67,-161.15,0.00,1.00
-141.87,164.05,0.00,1.00
-145.49,149.52,0.00,1.00
0.43,137.93,0.00,1.00
-73.79,23.60,0.00,1.00
-146.95,173.07,0.00,1.00
221.54,44.34,0.00,1.00
209.13,2.87,0.00,1.00
-126.09,190.82,0.00,1.00
146.27,-118.86,0.00,1.00
-164.90,97.02,0.00,1.00
116.93,-184.08,0.00,1.00
-58.28,-8.86,0.00,1.00
-137.27,150.77,0.00,1.00
-201.90,52.88,0.00,1.00
-14.00,-126.95,0.00,1.00
-166.97,97.62,0.00,1.00
34.31,114.78,0.00,1.00
165.01,-124.43,0.00,1.00
179.80,-73.99,0.00,1.00
-150.69,168.71,0.00,1.00
-166.28,159.19,0.00,1.00
41.46,-157.69,0.00,1.00
215.95,74.71,0.00,1.00
-191.27,132.71,0.00,1.00
-76.00,214.26,0.00,1.00
63.80,-2.74,0.00,1.00
54.53,41.37,0.00,1.00
-33.60,217.06,0.00,1.00
-119.90,181.27,0.00,1.00
-69.53,-41.84,0.00,1.00
159.44,-164.19,0.00,1.00
-23.64,-114.78,0.00,1.00
-3.29,191.44,0.00,1.00
33.77,72.21,0.00,1.00
-92.15,206.81,0.00,1.00
-204.63,-20.36,0.00,1.00
207.91,-7.96,0.00,1.00
-39.74,204.32,0.00,1.00
-121.53,171.78,0.00,1.00
217.71,46.85,0.00,1.00
-7.58,-139.64,0.00,1.00
-129.00,174.80,0.00,1.00
203.37,-10.03,0.00,1.00
-60.35,-51.99,0.00,1.00
1.14,-140.34,0.00,1.00
210.58,-3.17,0.00,1.00
30.40,119.78,0.00,1.00
33.24,-171.72,0.00,1.00
201.61,-60.33,0.00,1.00
-9.06,173.82,0.00,1.00
24.45,114.60,0.00,1.00
60.10,-185.80,0.00,1.00
-32.24,-101.12,0.00,1.00
160.51,-139.06,0.00,1.00
48.25,89.12,0.00,1.00
-203.97,9.64,0.00,1.00
12.74,-148.49,0.00,1.00
11.29,-169.46,0.00,1.00
-0.31,-177.06,0.00,1.00
-37.76,173.53,0.00,1.00
-130.09,199.13,0.00,1.00
20.80,-167.53,0.00,1.00
176.17,-128.05,0.00,1.00
205.17,35.08,0.00,1.00
121.70,-177.55,0.00,1.00
154.00,-132.11,0.00,1.00
186.44,-65.36,0.00,1.00
-207.35,-35.75,0.00,1.00
65.06,28.19,0.00,1.00
2.64,177.40,0.00,1.00
-30.37,-123.99,0.00,1.00
165.96,-105.50,0.00,1.00
171.77,-78.77,0.00,1.00
-12.99,179.38,0.00,1.00
-8.51,-158.87,0.00,1.00
176.22,-109.89,0.00,1.00
-206.01,43.59,0.00,1.00
-67.14,183.23,0.00,1.00
194.90,-84.07,0.00,1.00
-199.34,92.69,0.00,1.00
-69.42,22.33,0.00,1.00
201.44,-0.11,0.00,1.00
17.35,-180.78,0.00,1.00
-207.69,55.14,0.00,1.00
210.59,17.13,0.00,1.00
-136.42,166.03,0.00,1.00
-192.97,73.97,0.00,1.00
-44.52,-70.23,0.00,1.00
-23.58,-116.31,0.00,1.00
120.30,-187.64,0.00,1.00
216.68,27.76,0.00,1.00
69.14,-230.00,0.00,1.00
-218.16,-48.98,0.00,1.00
53.55,-200.32,0.00,1.00
104.23,-182.70,0.00,1.00
97.57,-192.18,0.00,1.00
60.03,-40.81,0.00,1.00
-39.31,-130.57,0.00,1.00
-79.94,49.60,0.00,1.00
69.29,-28.14,0.00,1.00
130.39,-155.04,0.00,1.00
-73.23,-13.81,0.00,1.00
218.31,-31.58,0.00,1.00
65.56,-31.56,0.00,1.00
-66.36,188.07,0.00,1.00
45.20,-197.49,0.00,1.00
-67.45,192.39,0.00,1.00
122.31,-157.76,0.00,1.00
57.37,83.41,0.00,1.00
25.15,-172.29,0.00,1.00
-150.42,130.63,0.00,1.00
-112.70,206.73,0.00,1.00
76.21,-42.63,0.00,1.00
90.82,-194.79,0.00,1.00
74.42,-60.56,0.00,1.00
-116.99,178.93,0.00,1.00
-12.70,180.60,0.00,1.00
154.04,-148.49,0.00,1.00
61.45,-11.32,0.00,1.00
112.19,-184.18,0.00,1.00
182.60,-94.84,0.00,1.00
-28.61,188.31,0.00,1.00
162.07,-141.38,0.00,1.00
-29.84,209.27,0.00,1.00
-192.06,37.50,0.00,1.00
-40.57,196.12,0.00,1.00
-80.76,20.32,0.00,1.00
90.55,-197.72,0.00,1.00
-43.41,199.96,0.00,1.00
-192.38,-5.87,0.00,1.00
50.23,96.32,0.00,1.00
-169.04,127.38,0.00,1.00
-160.82,134.87,0.00,1.00
-54.67,-40.03,0.00,1.00
64.26,44.61,0.00,1.00
-64.74,177.10,0.00,1.00
-36.18,-130.96,0.00,1.00
-212.57,22.65,0.00,1.00
58.18,12.32,0.00,1.00
71.30,-19.03,0.00,1.00
48.16,99.67,0.00,1.00
22.96,120.55,0.00,1.00
174.42,-149.49,0.00,1.00
149.81,-135.48,0.00,1.00
75.39,-201.75,0.00,1.00
-209.59,-17.80,0.00,1.00
134.64,-199.83,0.00,1.00
198.89,2.58,0.00,1.00
-71.71,-5.69,0.00,1.00
19.73,-186.85,0.00,1.00
173.57,-113.18,0.00,1.00
18.87,-187.55,0.00,1.00
-198.38,32.90,0.00,1.00
42.97,90.28,0.00,1.00
-171.30,131.44,0.00,1.00
-50.48,-99.57,0.00,1.00
-125.32,169.72,0.00,1.00
-54.58,213.16,0.00,1.00
98.44,-190.58,0.00,1.00
205.18,14.63,0.00,1.00
213.80,46.14,0.00,1.00
121.79,-156.10,0.00,1.00
52.67,-183.05,0.00,1.00
77.64,-188.14,0.00,1.00
-21.58,-158.62,0.00,1.00
-42.95,197.06,0.00,1.00
-190.75,96.23,0.00,1.00
-61.39,-19.36,0.00,1.00
55.32,77.32,0.00,1.00
-206.03,-39.29,0.00,1.00
-11.16,176.89,0.00,1.00
-102.47,187.52,0.00,1.00
95.96,-185.24,0.00,1.00
197.36,-29.15,0.00,1.00
152.89,-168.39,0.00,1.00
-68.62,-34.11,0.00,1.00
-128.82,179.87,0.00,1.00
208.69,59.22,0.00,1.00
-219.21,-51.03,0.00,1.00
192.32,8.62,0.00,1.00
-160.31,148.16,0.00,1.00
-211.78,58.58,0.00,1.00
-209.85,-8.34,0.00,1.00
-126.24,163.48,0.00,1.00
-211.66,6.38,0.00,1.00
63.65,-46.28,0.00,1.00
12.10,158.13,0.00,1.00
49.30,26.43,0.00,1.00
56.49,40.30,0.00,1.00
-61.89,-13.31,0.00,1.00
107.98,-193.43,0.00,1.00
-154.23,162.52,0.00,1.00
-98.97,205.51,0.00,1.00
178.64,-91.03,0.00,1.00
-44.14,-84.37,0.00,1.00
70.28,-68.89,0.00,1.00
77.60,-3.71,0.00,1.00
-38.70,-108.34,0.00,1.00
208.57,45.01,0.00,1.00
-64.56,-53.59,0.00,1.00
-198.06,70.95,0.00,1.00
-69.74,202.76,0.00,1.00
120.98,-204.08,0.00,1.00
-196.06,101.35,0.00,1.00
-123.38,176.56,0.00,1.00
-181.43,105.92,0.00,1.00
-203.10,-1.95,0.00,1.00
-220.36,-41.17,0.00,1.00
-54.36,-30.00,0.00,1.00
-1.38,-154.87,0.00,1.00
-68.83,31.93,0.00,1.00
45.43,96.72,0.00,1.00
-156.02,128.98,0.00,1.00
89.72,-201.28,0.00,1.00
-73.14,-23.38,0.00,1.00
-190.47,86.16,0.00,1.00
-76.75,-4.23,0.00,1.00
-76.69,32.67,0.00,1.00
209.92,-21.53,0.00,1.00
27.63,-157.82,0.00,1.00
-51.79,216.70,0.00,1.00
-180.05,129.83,0.00,1.00
201.53,-65.74,0.00,1.00
164.10,-122.08,0.00,1.00
-33.30,-130.79,0.00,1.00
108.41,-164.78,0.00,1.00
-180.95,101.96,0.00,1.00
169.44,-112.38,0.00,1.00
-160.28,136.04,0.00,1.00
63.26,-70.21,0.00,1.00
-106.54,181.69,0.00,1.00
209.64,-17.03,0.00,1.00
187.59,-57.25,0.00,1.00
72.53,-25.51,0.00,1.00
-157.74,168.42,0.00,1.00
211.24,-5.39,0.00,1.00
88.99,-184.61,0.00,1.00
208.22,63.15,0.00,1.00
61.43,-73.65,0.00,1.00
-27.79,174.53,0.00,1.00
-169.80,83.64,0.00,1.00
74.78,-196.14,0.00,1.00
147.56,-169.04,0.00,1.00
-55.54,176.89,0.00,1.00
82.05,-213.88,0.00,1.00
104.22,-197.84,0.00,1.00
-69.86,18.11,0.00,1.00
205.31,22.59,0.00,1.00
217.08,36.58,0.00,1.00
-19.43,189.44,0.00,1.00
-208.01,-54.84,0.00,1.00
-173.40,134.98,0.00,1.00
-35.81,-118.37,0.00,1.00
59.10,9.72,0.00,1.00
-44.05,197.82,0.00,1.00
-201.71,38.00,0.00,1.00
21.22,158.69,0.00,1.00
219.89,14.03,0.00,1.00
-2.80,164.17,0.00,1.00
-70.10,-15.28,0.00,1.00
-33.06,-107.89,0.00,1.00
10.43,-196.74,0.00,1.00
46.60,-185.39,0.00,1.00
-68.87,59.20,0.00,1.00
64.60,-48.71,0.00,1.00
48.38,23.08,0.00,1.00
182.81,-89.47,0.00,1.00
-215.08,-17.90,0.00,1.00
-24.86,147.55,0.00,1.00
153.11,-173.29,0.00,1.00
95.25,-188.71,0.00,1.00
-189.33,77.84,0.00,1.00
195.79,70.88,0.00,1.00
-43.15,-41.89,0.00,1.00
-32.59,-111.19,0.00,1.00
-74.19,208.39,0.00,1.00
195.24,-23.10,0.00,1.00
128.17,-173.34,0.00,1.00
-73.52,210.87,0.00,1.00
169.94,-75.13,0.00,1.00
73.49,0.39,0.00,1.00
55.49,18.72,0.00,1.00
-195.97,89.77,0.00,1.00
205.60,21.61,0.00,1.00
3.83,-180.42,0.00,1.00
-132.86,179.96,0.00,1.00
-100.90,190.32,0.00,1.00
181.59,-123.73,0.00,1.00
0.53,141.15,0.00,1.00
-81.12,15.51,0.00,1.00
160.02,-102.55,0.00,1.00
57.86,-58.83,0.00,1.00
120.06,-166.14,0.00,1.00
33.44,130.32,0.00,1.00
-178.07,131.46,0.00,1.00
-40.84,186.10,0.00,1.00
72.73,-223.91,0.00,1.00
-179.44,137.24,0.00,1.00
-97.14,182.60,0.00,1.00
-49.48,-60.77,0.00,1.00
-39.83,210.33,0.00,1.00
-51.77,-68.09,0.00,1.00
-55.80,-91.98,0.00,1.00
169.82,-115.17,0.00,1.00
-137.49,182.03,0.00,1.00
41.93,11.86,0.00,1.00
-115.25,190.10,0.00,1.00
-151.14,144.80,0.00,1.00
-48.84,-76.77,0.00,1.00
-193.76,94.34,0.00,1.00
221.23,68.50,0.00,1.00
-68.93,-7.54,0.00,1.00
-79.87,-26.58,0.00,1.00
-230.00,-37.01,0.00,1.00
-44.10,-66.75,0.00,1.00
27.60,138.09,0.00,1.00
64.69,-31.92,0.00,1.00
-51.22,-106.23,0.00,1.00
143.08,-159.65,0.00,1.00
48.38,-211.85,0.00,1.00
-201.20,37.06,0.00,1.00
-171.68,112.11,0.00,1.00
200.63,-28.81,0.00,1.00
-75.13,53.79,0.00,1.00
188.42,-61.71,0.00,1.00
-145.45,188.80,0.00,1.00
-144.54,170.55,0.00,1.00
21.00,146.05,0.00,1.00
-131.26,188.48,0.00,1.00
-16.35,-168.25,0.00,1.00
-165.05,157.21,0.00,1.00
-54.13,-83.14,0.00,1.00
181.14,-103.71,0.00,1.00
-208.42,-28.91,0.00,1.00
-69.11,28.16,0.00,1.00
-161.33,164.31,0.00,1.00
72.47,-195.52,0.00,1.00
-217.51,-49.90,0.00,1.00
209.85,48.77,0.00,1.00
54.06,126.37,0.00,1.00
63.78,74.24,0.00,1.00
59.85,6.82,0.00,1.00
-23.55,173.82,0.00,1.00
209.25,-8.81,0.00,1.00
-220.70,-79.80,0.00,1.00
150.50,-147.01,0.00,1.00
-83.41,75.10,0.00,1.00
-106.96,178.45,0.00,1.00
-75.61,214.49,0.00,1.00
49.14,64.09,0.00,1.00
-19.64,-113.78,0.00,1.00
-109.92,204.07,0.00,1.00
-169.58,126.24,0.00,1.00
199.93,-28.79,0.00,1.00
195.28,-49.33,0.00,1.00
130.33,-188.09,0.00,1.00
-200.60,71.91,0.00,1.00
-133.85,174.72,0.00,1.00
169.94,-116.45,0.00,1.00
26.54,159.05,0.00,1.00
-192.42,80.08,0.00,1.00
-183.86,90.23,0.00,1.00
204.22,17.00,0.00,1.00
-17.14,-169.54,0.00,1.00
-75.84,206.30,0.00,1.00
199.40,-61.54,0.00,1.00
2.19,-145.19,0.00,1.00
-69.25,21.31,0.00,1.00
193.30,-41.93,0.00,1.00
39.96,80.47,0.00,1.00
-136.06,160.36,0.00,1.00
65.97,-43.84,0.00,1.00
-33.79,-85.43,0.00,1.00
-19.79,187.61,0.00,1.00
-176.44,97.36,0.00,1.00
67.64,24.21,0.00,1.00
-158.31,155.92,0.00,1.00
-53.87,213.69,0.00,1.00
-205.25,-59.16,0.00,1.00
148.01,-180.43,0.00,1.00
-116.66,182.57,0.00,1.00
-140.15,172.27,0.00,1.00
7.11,-159.50,0.00,1.00
-40.01,-65.65,0.00,1.00
-96.34,179.90,0.00,1.00
-58.27,177.30,0.00,1.00
61.15,-207.23,0.00,1.00
-207.82,-6.68,0.00,1.00
-24.50,189.97,0.00,1.00
-142.40,153.84,0.00,1.00
-19.32,-159.66,0.00,1.00
-115.33,182.96,0.00,1.00
66.74,-11.39,0.00,1.00
188.35,-9.96,0.00,1.00
-15.38,-150.53,0.00,1.00
-15.93,169.42,0.00,1.00
-29.27,-115.00,0.00,1.00
-17.98,166.75,0.00,1.00
206.19,57.71,0.00,1.00
58.80,23.68,0.00,1.00
73.26,-199.67,0.00,1.00
170.13,-142.31,0.00,1.00
-186.02,96.63,0.00,1.00
206.68,-31.99,0.00,1.00
-72.44,24.05,0.00,1.00
176.78,-138.37,0.00,1.00
-169.77,134.75,0.00,1.00
203.98,3.25,0.00,1.00
67.52,56.52,0.00,1.00
19.16,140.11,0.00,1.00
61.52,76.40,0.00,1.00
70.21,-199.42,0.00,1.00
-60.61,188.95,0.00,1.00
-198.81,-31.25,0.00,1.00
-54.31,182.38,0.00,1.00
-218.85,-4.14,0.00,1.00
-148.50,161.90,0.00,1.00
11.00,146.78,0.00,1.00
163.34,-83.52,0.00,1.00
72.99,-24.56,0.00,1.00
-104.92,191.42,0.00,1.00
149.23,-156.87,0.00,1.00
70.11,-10.38,0.00,1.00
-6.05,-151.03,0.00,1.00
39.43,-170.19,0.00,1.00
167.54,-103.12,0.00,1.00
-188.43,29.00,0.00,1.00
-60.75,13.00,0.00,1.00
212.42,65.72,0.00,1.00
212.48,3.54,0.00,1.00
-83.74,36.65,0.00,1.00
-162.75,149.74,0.00,1.00
64.69,38.31,0.00,1.00
-126.15,184.37,0.00,1.00
-4.67,166.62,0.00,1.00
65.58,-50.73,0.00,1.00
-192.54,69.54,0.00,1.00
-16.65,-148.98,0.00,1.00
-115.71,194.14,0.00,1.00
-192.30,90.46,0.00,1.00
66.67,-27.27,0.00,1.00
44.82,81.59,0.00,1.00
47.35,-191.67,0.00,1.00
37.04,73.10,0.00,1.00
62.74,43.73,0.00,1.00
-195.54,65.27,0.00,1.00
-55.08,-18.81,0.00,1.00
21.72,-169.30,0.00,1.00
-135.41,169.68,0.00,1.00
52.62,53.35,0.00,1.00
-5.92,170.24,0.00,1.00
-138.11,169.49,0.00,1.00
99.50,-166.89,0.00,1.00
8.60,-178.86,0.00,1.00
-132.83,197.95,0.00,1.00
208.47,-30.73,0.00,1.00
83.58,-197.24,0.00,1.00
-92.22,196.67,0.00,1.00
-212.63,-23.77,0.00,1.00
-67.33,-9.09,0.00,1.00
-21.74,-135.10,0.00,1.00
25.40,154.36,0.00,1.00
139.68,-195.80,0.00,1.00
-213.36,-36.02,0.00,1.00
-45.92,-96.62,0.00,1.00
1.86,169.15,0.00,1.00
23.58,-174.66,0.00,1.00
-78.37,21.88,0.00,1.00
65.05,-71.06,0.00,1.00
-64.94,41.14,0.00,1.00
-87.43,192.59,0.00,1.00
-199.82,68.94,0.00,1.00
-79.49,197.18,0.00,1.00
40.70,58.13,0.00,1.00
63.05,1.05,0.00,1.00
-19.34,-137.45,0.00,1.00
51.92,35.86,0.00,1.00
-54.99,-11.74,0.00,1.00
-37.96,-102.23,0.00,1.00
41.03,-190.74,0.00,1.00
20.36,-168.38,0.00,1.00
-85.52,189.51,0.00,1.00
70.46,-195.28,0.00,1.00
62.51,-202.04,0.00,1.00
192.20,-76.37,0.00,1.00
-21.44,180.04,0.00,1.00
15.71,-175.07,0.00,1.00
50.60,-194.58,0.00,1.00
2.18,-189.50,0.00,1.00
202.19,26.92,0.00,1.00
6.49,162.84,0.00,1.00
30.42,124.01,0.00,1.00
105.09,-167.03,0.00,1.00
183.62,-94.32,0.00,1.00
165.81,-119.43,0.00,1.00
211.51,8.83,0.00,1.00
-83.58,-18.30,0.00,1.00
-224.57,-33.23,0.00,1.00
7.30,165.56,0.00,1.00
-69.65,-11.65,0.00,1.00
-181.32,116.04,0.00,1.00
60.84,-214.64,0.00,1.00
86.74,-177.58,0.00,1.00
73.36,-184.45,0.00,1.00
-8.04,-146.69,0.00,1.00
127.35,-166.53,0.00,1.00
-48.34,-12.61,0.00,1.00
-155.66,147.18,0.00,1.00
-56.77,1.00,0.00,1.00
33.31,120.18,0.00,1.00
199.22,-37.74,0.00,1.00
-11.09,199.46,0.00,1.00
1.46,173.94,0.00,1.00
18.41,148.86,0.00,1.00
-66.18,27.78,0.00,1.00
187.60,-61.52,0.00,1.00
-170.57,106.74,0.00,1.00
57.74,10.37,0.00,1.00
11.51,-179.69,0.00,1.00
188.53,4.62,0.00,1.00
213.72,71.31,0.00,1.00
157.39,-122.41,0.00,1.00
69.74,-182.89,0.00,1.00
-24.29,-127.02,0.00,1.00
-125.98,189.53,0.00,1.00
-62.48,192.63,0.00,1.00
19.18,-184.17,0.00,1.00
-36.96,-107.13,0.00,1.00
-193.88,99.03,0.00,1.00
194.47,-76.31,0.00,1.00
213.51,50.84,0.00,1.00
164.62,-97.00,0.00,1.00
214.82,47.58,0.00,1.00
-187.06,78.08,0.00,1.00
-29.32,189.35,0.00,1.00
182.85,-83.36,0.00,1.00
-214.98,5.93,0.00,1.00
51.15,-179.55,0.00,1.00
197.90,-77.71,0.00,1.00
85.91,-187.13,0.00,1.00
28.62,-184.19,0.00,1.00
139.86,-158.11,0.00,1.00
-84.73,180.65,0.00,1.00
-96.57,189.64,0.00,1.00
69.67,-182.52,0.00,1.00
-7.87,172.05,0.00,1.00
206.70,-102.97,0.00,1.00
140.13,-149.87,0.00,1.00
185.72,-125.96,0.00,1.00
187.36,-75.47,0.00,1.00
-138.25,170.16,0.00,1.00
36.66,117.03,0.00,1.00
-188.50,139.23,0.00,1.00
-116.07,196.34,0.00,1.00
-53.19,-68.11,0.00,1.00
-167.20,141.64,0.00,1.00
134.00,-183.89,0.00,1.00
-157.74,157.10,0.00,1.00
-160.22,150.49,0.00,1.00
-34.38,-128.46,0.00,1.00
74.86,-183.04,0.00,1.00
35.92,-206.46,0.00,1.00
-74.60,214.48,0.00,1.00
47.23,71.53,0.00,1.00
35.87,-190.46,0.00,1.00
63.13,-23.13,0.00,1.00
-48.66,-48.93,0.00,1.00
220.20,-14.09,0.00,1.00
42.56,-174.70,0.00,1.00
15.72,163.30,0.00,1.00
-62.74,32.25,0.00,1.00
-18.04,184.30,0.00,1.00
111.15,-177.49,0.00,1.00
182.38,-71.11,0.00,1.00
-23.40,-124.25,0.00,1.00
16.56,-177.98,0.00,1.00
41.50,-199.58,0.00,1.00
-53.89,214.57,0.00,1.00
-76.31,8.71,0.00,1.00
-76.72,-23.52,0.00,1.00
10.85,-168.49,0.00,1.00
-152.97,156.34,0.00,1.00
-103.74,163.03,0.00,1.00
-159.24,147.93,0.00,1.00
108.25,-169.84,0.00,1.00
9.18,-155.60,0.00,1.00
216.39,14.98,0.00,1.00
-121.26,179.55,0.00,1.00
108.65,-169.04,0.00,1.00
-31.77,185.74,0.00,1.00
-211.46,-13.84,0.00,1.00
-221.16,-49.85,0.00,1.00
148.52,-170.68,0.00,1.00
8.79,164.96,0.00,1.00
33.18,-181.72,0.00,1.00
132.81,-171.06,0.00,1.00
-73.07,66.62,0.00,1.00
-49.81,-55.42,0.00,1.00
-59.34,-55.47,0.00,1.00
203.08,56.41,0.00,1.00
71.24,-32.49,0.00,1.00
-30.70,-132.92,0.00,1.00
189.67,-59.62,0.00,1.00
36.15,-178.89,0.00,1.00
-38.30,180.69,0.00,1.00
-55.23,-74.67,0.00,1.00
67.31,-183.95,0.00,1.00
-205.19,-5.18,0.00,1.00
35.52,91.03,0.00,1.00
14.47,-171.74,0.00,1.00
-148.84,164.45,0.00,1.00
-46.20,-75.61,0.00,1.00
-69.13,65.89,0.00,1.00
71.75,-164.33,0.00,1.00
-199.07,76.93,0.00,1.00
-68.34,-50.17,0.00,1.00
2.37,173.74,0.00,1.00
73.42,-51.39,0.00,1.00
171.16,-75.92,0.00,1.00
-221.82,45.17,0.00,1.00
202.69,17.98,0.00,1.00
-22.44,169.13,0.00,1.00
217.19,-55.57,0.00,1.00
-32.65,-91.29,0.00,1.00
-158.95,137.92,0.00,1.00
51.96,-183.75,0.00,1.00
-38.64,-116.36,0.00,1.00
176.70,-111.96,0.00,1.00
149.17,-166.67,0.00,1.00
-6.91,-141.66,0.00,1.00
185.57,-146.56,0.00,1.00
93.52,-182.14,0.00,1.00
-194.49,-1.02,0.00,1.00
-59.97,-70.53,0.00,1.00
64.77,-179.82,0.00,1.00
71.27,-14.04,0.00,1.00
63.64,-65.30,0.00,1.00
-169.97,99.91,0.00,1.00
175.41,-90.36,0.00,1.00
-17.93,190.15,0.00,1.00
4.36,-172.68,0.00,1.00
141.27,-156.32,0.00,1.00
82.24,-180.82,0.00,1.00
-208.73,41.68,0.00,1.00
51.11,48.84,0.00,1.00
-164.85,132.54,0.00,1.00
-34.18,-100.56,0.00,1.00
67.56,-201.41,0.00,1.00
68.41,-205.40,0.00,1.00
-149.28,159.10,0.00,1.00
64.52,-36.45,0.00,1.00
-30.89,-87.82,0.00,1.00
-143.20,134.63,0.00,1.00
-71.70,28.76,0.00,1.00
26.16,131.36,0.00,1.00
-67.56,192.32,0.00,1.00
-156.22,100.96,0.00,1.00
-63.26,196.56,0.00,1.00
202.05,18.43,0.00,1.00
-160.43,147.18,0.00,1.00
-83.25,10.01,0.00,1.00
39.62,45.00,0.00,1.00
-182.79,72.18,0.00,1.00
73.09,-37.19,0.00,1.00
-74.47,36.46,0.00,1.00
-36.66,-94.64,0.00,1.00
78.99,6.10,0.00,1.00
-169.74,107.57,0.00,1.00
177.14,-96.78,0.00,1.00
-89.09,191.35,0.00,1.00
35.54,103.11,0.00,1.00
-54.53,211.01,0.00,1.00
-14.33,-148.56,0.00,1.00
-68.73,199.36,0.00,1.00
109.17,-158.71,0.00,1.00
-7.44,147.27,0.00,1.00
11.87,-176.89,0.00,1.00
177.06,-122.25,0.00,1.00
209.16,60.06,0.00,1.00
44.50,-184.11,0.00,1.00
127.42,-152.71,0.00,1.00
-87.70,195.51,0.00,1.00
-95.17,206.61,0.00,1.00
154.76,-154.80,0.00,1.00
-37.52,-116.72,0.00,1.00
-29.60,-132.73,0.00,1.00
-78.18,26.62,0.00,1.00
18.14,151.52,0.00,1.00
-133.96,178.94,0.00,1.00
-57.62,-26.04,0.00,1.00
127.28,-186.91,0.00,1.00
32.62,-201.70,0.00,1.00
-57.73,73.06,0.00,1.00
158.60,-150.83,0.00,1.00
-182.94,77.60,0.00,1.00
61.58,-203.65,0.00,1.00
13.66,143.92,0.00,1.00
-205.86,30.19,0.00,1.00
184.14,-122.41,0.00,1.00
-78.34,21.81,0.00,1.00
-209.94,4.95,0.00,1.00
-26.64,-75.35,0.00,1.00
-65.84,9.28,0.00,1.00
-44.69,217.36,0.00,1.00
19.29,133.55,0.00,1.00
-168.26,131.13,0.00,1.00
-73.59,64.39,0.00,1.00
116.89,-191.18,0.00,1.00
-17.36,177.22,0.00,1.00
-10.63,-168.57,0.00,1.00
-77.72,196.19,0.00,1.00
-57.77,-59.31,0.00,1.00
195.31,-5.56,0.00,1.00
-156.84,164.79,0.00,1.00
-109.83,213.98,0.00,1.00
40.99,70.30,0.00,1.00
25.81,-189.06,0.00,1.00
143.90,-191.97,0.00,1.00
-20.99,187.35,0.00,1.00
-73.73,207.89,0.00,1.00
-181.47,68.28,0.00,1.00
74.63,-175.49,0.00,1.00
-54.18,207.53,0.00,1.00
214.49,45.72,0.00,1.00
-190.78,58.91,0.00,1.00
-24.38,-95.17,0.00,1.00
-3.75,166.14,0.00,1.00
22.83,156.56,0.00,1.00
-11.10,-161.81,0.00,1.00
7.46,-157.21,0.00,1.00
116.39,-184.60,0.00,1.00
65.92,40.06,0.00,1.00
165.88,-126.81,0.00,1.00
153.65,-107.97,0.00,1.00
36.84,-178.12,0.00,1.00
-57.26,-41.42,0.00,1.00
19.55,-186.72,0.00,1.00
134.50,-178.61,0.00,1.00
-121.62,176.43,0.00,1.00
126.07,-159.71,0.00,1.00
185.33,-5.34,0.00,1.00
-72.88,75.84,0.00,1.00
-27.16,-142.44,0.00,1.00
127.48,-138.21,0.00,1.00
-65.17,56.66,0.00,1.00
-30.25,-107.27,0.00,1.00
64.94,-24.96,0.00,1.00
59.78,93.41,0.00,1.00
-34.28,182.45,0.00,1.00
124.48,-192.95,0.00,1.00
3.09,-194.42,0.00,1.00
37.51,-172.27,0.00,1.00
3.83,-147.50,0.00,1.00
-208.67,-12.22,0.00,1.00
82.01,-194.66,0.00,1.00
-93.84,184.01,0.00,1.00
-66.54,189.76,0.00,1.00
-196.28,76.37,0.00,1.00
-158.54,160.58,0.00,1.00
-88.42,191.19,0.00,1.00
104.92,-206.22,0.00,1.00
117.72,-168.31,0.00,1.00
26.30,116.39,0.00,1.00
-210.29,27.99,0.00,1.00
45.79,-217.27,0.00,1.00
85.72,-175.95,0.00,1.00
141.51,-139.03,0.00,1.00
-20.90,174.17,0.00,1.00
-220.78,-29.66,0.00,1.00
-67.65,72.73,0.00,1.00
169.22,-155.98,0.00,1.00
62.33,47.74,0.00,1.00
-72.78,64.52,0.00,1.00
-52.23,-16.03,0.00,1.00
-200.98,37.65,0.00,1.00
56.84,49.96,0.00,1.00
-82.26,201.22,0.00,1.00
-45.17,178.71,0.00,1.00
53.44,59.30,0.00,1.00
47.56,90.24,0.00,1.00
-112.52,174.71,0.00,1.00
-95.27,193.29,0.00,1.00
21.85,131.44,0.00,1.00
58.29,-6.73,0.00,1.00
30.41,-177.14,0.00,1.00
41.62,91.21,0.00,1.00
105.40,-193.21,0.00,1.00
66.13,-28.28,0.00,1.00
-209.98,-42.36,0.00,1.00
-29.90,169.31,0.00,1.00
2.69,177.27,0.00,1.00
39.95,-185.00,0.00,1.00
36.47,71.76,0.00,1.00
-45.07,-90.80,0.00,1.00
-94.03,195.36,0.00,1.00
-114.09,200.70,0.00,1.00
72.98,10.24,0.00,1.00
-132.86,179.93,0.00,1.00
188.03,-112.25,0.00,1.00
-73.24,-18.35,0.00,1.00
117.46,-165.72,0.00,1.00
-217.88,-44.61,0.00,1.00
-67.19,195.93,0.00,1.00
36.82,110.98,0.00,1.00
41.15,79.37,0.00,1.00
4.03,-146.20,0.00,1.00
197.75,-80.80,0.00,1.00
202.65,23.23,0.00,1.00
-29.43,188.57,0.00,1.00
6.72,-161.05,0.00,1.00
-133.70,170.64,0.00,1.00
-183.19,93.33,0.00,1.00
197.04,-70.08,0.00,1.00
-61.93,-26.51,0.00,1.00
29.01,-192.66,0.00,1.00
35.82,-178.75,0.00,1.00
-17.32,-114.29,0.00,1.00
63.92,8.55,0.00,1.00
-213.33,-24.24,0.00,1.00
-5.76,-139.27,0.00,1.00
33.71,115.73,0.00,1.00
-52.90,-74.72,0.00,1.00
-17.86,-128.21,0.00,1.00
-203.46,43.35,0.00,1.00
-204.41,71.89,0.00,1.00
149.78,-166.90,0.00,1.00
187.01,-67.90,0.00,1.00
37.77,-200.34,0.00,1.00
-70.20,40.79,0.00,1.00
14.90,175.87,0.00,1.00
90.58,-183.33,0.00,1.00
56.40,-39.17,0.00,1.00
-70.26,61.24,0.00,1.00
59.46,-185.34,0.00,1.00
-61.37,-78.26,0.00,1.00
-63.56,196.34,0.00,1.00
55.45,56.16,0.00,1.00
56.52,24.54,0.00,1.00
199.81,28.84,0.00,1.00
212.74,44.01,0.00,1.00
193.83,-76.55,0.00,1.00
-58.81,212.72,0.00,1.00
4.16,161.91,0.00,1.00
-98.78,189.12,0.00,1.00
54.24,86.88,0.00,1.00
-177.94,122.73,0.00,1.00
-33.30,171.53,0.00,1.00
177.47,-49.94,0.00,1.00
195.24,47.50,0.00,1.00
-11.86,-159.03,0.00,1.00
60.80,-6.03,0.00,1.00
163.34,-131.98,0.00,1.00
199.18,-10.20,0.00,1.00
57.95,12.91,0.00,1.00
-78.84,221.65,0.00,1.00
-178.03,105.14,0.00,1.00
-222.08,6.89,0.00,1.00
70.46,-189.85,0.00,1.00
99.78,-156.91,0.00,1.00
-217.42,-58.13,0.00,1.00
71.21,-36.46,0.00,1.00
-157.80,144.53,0.00,1.00
56.92,71.42,0.00,1.00
137.77,-142.49,0.00,1.00
-224.70,-34.69,0.00,1.00
-26.94,202.89,0.00,1.00
138.76,-154.64,0.00,1.00
-42.22,-92.38,0.00,1.00
-65.37,215.11,0.00,1.00
137.48,-170.09,0.00,1.00
-51.60,-108.92,0.00,1.00
4.25,153.84,0.00,1.00
199.69,7.76,0.00,1.00
-31.03,-116.38,0.00,1.00
50.78,81.86,0.00,1.00
52.93,69.11,0.00,1.00
91.17,-175.06,0.00,1.00
-59.12,201.72,0.00,1.00
-38.41,-72.21,0.00,1.00
205.75,48.72,0.00,1.00
47.91,-205.95,0.00,1.00
58.14,73.50,0.00,1.00
23.54,149.73,0.00,1.00
-61.16,75.45,0.00,1.00
206.12,4.87,0.00,1.00
211.23,44.37,0.00,1.00
125.82,-128.32,0.00,1.00
-65.15,-2.62,0.00,1.00
-208.12,14.19,0.00,1.00
-199.53,-6.53,0.00,1.00
-119.86,173.80,0.00,1.00
-70.08,59.72,0.00,1.00
66.60,-3.95,0.00,1.00
106.04,-195.53,0.00,1.00
-46.02,-83.84,0.00,1.00
-65.51,7.55,0.00,1.00
-24.81,212.63,0.00,1.00
174.87,-75.81,0.00,1.00
-114.80,185.18,0.00,1.00
72.70,11.33,0.00,1.00
186.19,-24.63,0.00,1.00
24.53,122.52,0.00,1.00
-62.15,213.43,0.00,1.00
-206.43,72.68,0.00,1.00
19.86,129.07,0.00,1.00
11.51,167.13,0.00,1.00
-210.29,46.38,0.00,1.00
58.57,-211.52,0.00,1.00
-112.03,190.08,0.00,1.00
-199.67,5.34,0.00,1.00
-45.20,-92.26,0.00,1.00
59.61,-188.59,0.00,1.00
-25.97,-156.55,0.00,1.00
-28.02,-130.54,0.00,1.00
-63.36,14.71,0.00,1.00
194.97,-0.30,0.00,1.00
112.32,-186.85,0.00,1.00
194.76,-7.94,0.00,1.00
-216.58,2.43,0.00,1.00
31.78,-198.72,0.00,1.00
142.80,-159.87,0.00,1.00
84.88,-189.73,0.00,1.00
137.30,-156.16,0.00,1.00
-4.22,153.96,0.00,1.00
45.54,-194.99,0.00,1.00
117.22,-176.03,0.00,1.00
-176.60,131.09,0.00,1.00
-52.41,-75.74,0.00,1.00
-56.30,190.51,0.00,1.00
-205.13,13.57,0.00,1.00
217.67,30.68,0.00,1.00
57.57,-197.18,0.00,1.00
-24.10,166.16,0.00,1.00
-45.29,-82.93,0.00,1.00
25.46,168.29,0.00,1.00
66.42,-12.65,0.00,1.00
168.07,-118.04,0.00,1.00
145.38,-174.19,0.00,1.00
31.01,-190.92,0.00,1.00
84.95,-213.86,0.00,1.00
84.56,-202.79,0.00,1.00
-176.52,114.12,0.00,1.00
32.24,113.76,0.00,1.00
-30.71,-76.85,0.00,1.00
185.62,-80.93,0.00,1.00
-11.59,151.76,0.00,1.00
-73.96,196.81,0.00,1.00
0.06,150.12,0.00,1.00
-5.20,172.03,0.00,1.00
22.35,131.68,0.00,1.00
90.55,-188.31,0.00,1.00
113.67,-160.08,0.00,1.00
206.99,-24.79,0.00,1.00
2.67,-167.18,0.00,1.00
105.07,-156.67,0.00,1.00
-129.39,191.47,0.00,1.00
-64.99,221.57,0.00,1.00
-199.94,6.12,0.00,1.00
-148.72,188.42,0.00,1.00
-77.61,209.07,0.00,1.00
-179.20,141.27,0.00,1.00
204.03,49.47,0.00,1.00
88.05,-187.84,0.00,1.00
49.72,84.20,0.00,1.00
156.04,-142.49,0.00,1.00
-74.98,199.01,0.00,1.00
131.26,-136.20,0.00,1.00
41.27,111.81,0.00,1.00
42.26,95.75,0.00,1.00
-69.89,-11.50,0.00,1.00
65.53,-208.02,0.00,1.00
99.77,-195.44,0.00,1.00
-84.04,-2.76,0.00,1.00
-122.43,188.67,0.00,1.00
17.22,-174.79,0.00,1.00
-147.19,164.85,0.00,1.00
44.47,59.83,0.00,1.00
-52.81,-66.02,0.00,1.00
64.49,-32.05,0.00,1.00
-215.19,-60.23,0.00,1.00
-39.33,183.09,0.00,1.00
-28.91,-112.77,0.00,1.00
-210.93,-81.13,0.00,1.00
178.18,-118.31,0.00,1.00
-43.00,-77.91,0.00,1.00
-9.16,144.96,0.00,1.00
-46.93,194.18,0.00,1.00
61.55,16.17,0.00,1.00
-204.32,-40.46,0.00,1.00
-78.40,203.37,0.00,1.00
-18.33,-138.28,0.00,1.00
-88.02,26.12,0.00,1.00
164.89,-136.04,0.00,1.00
-39.89,-86.14,0.00,1.00
-190.50,99.12,0.00,1.00
1.45,186.68,0.00,1.00
87.70,-191.90,0.00,1.00
-67.25,-12.64,0.00,1.00
109.90,-206.20,0.00,1.00
126.10,-174.46,0.00,1.00
-144.51,157.40,0.00,1.00
-183.04,105.49,0.00,1.00
110.47,-173.75,0.00,1.00
-55.67,214.97,0.00,1.00
-182.19,57.60,0.00,1.00
-45.02,209.10,0.00,1.00
49.93,11.08,0.00,1.00
116.91,-198.35,0.00,1.00
16.46,-187.09,0.00,1.00
197.66,18.25,0.00,1.00
197.64,-60.95,0.00,1.00
123.06,-158.74,0.00,1.00
61.32,-36.00,0.00,1.00
-64.76,-30.43,0.00,1.00
-187.87,109.40,0.00,1.00
111.07,-171.42,0.00,1.00
180.79,-56.74,0.00,1.00
-212.89,-5.74,0.00,1.00
179.24,-97.13,0.00,1.00
-166.89,171.70,0.00,1.00
-142.79,171.35,0.00,1.00
-35.51,-66.22,0.00,1.00
-194.96,83.68,0.00,1.00
-25.90,199.55,0.00,1.00
108.07,-194.35,0.00,1.00
185.80,-87.95,0.00,1.00
-97.08,216.60,0.00,1.00
-66.76,-42.04,0.00,1.00
-28.89,-119.09,0.00,1.00
-51.91,-92.99,0.00,1.00
11.45,146.20,0.00,1.00
-65.81,199.97,0.00,1.00
201.38,-3.28,0.00,1.00
197.61,-58.38,0.00,1.00
-190.46,90.85,0.00,1.00
-73.39,35.98,0.00,1.00
127.04,-166.77,0.00,1.00
-79.78,217.50,0.00,1.00
-106.28,210.89,0.00,1.00
-84.68,212.28,0.00,1.00
-142.16,177.04,0.00,1.00
197.23,-56.80,0.00,1.00
51.19,98.69,0.00,1.00
-26.43,-121.96,0.00,1.00
193.60,-52.74,0.00,1.00
-169.05,106.20,0.00,1.00
180.39,-77.05,0.00,1.00
42.80,95.44,0.00,1.00
-215.07,39.40,0.00,1.00
-58.38,50.98,0.00,1.00
39.36,-182.38,0.00,1.00
40.39,-186.43,0.00,1.00
44.58,-187.31,0.00,1.00
19.70,-188.26,0.00,1.00
-36.96,192.70,0.00,1.00
-86.74,210.03,0.00,1.00
61.44,74.73,0.00,1.00
-12.43,-140.68,0.00,1.00
-40.64,-97.55,0.00,1.00
179.55,-106.85,0.00,1.00
59.40,18.24,0.00,1.00
-31.50,227.30,0.00,1.00
-204.65,39.85,0.00,1.00
-56.81,-70.22,0.00,1.00
18.94,127.77,0.00,1.00
-169.92,115.38,0.00,1.00
98.16,-208.06,0.00,1.00
219.51,9.53,0.00,1.00
51.83,31.41,0.00,1.00
-52.79,-51.05,0.00,1.00
61.55,-68.63,0.00,1.00
-78.35,203.04,0.00,1.00
-42.79,-71.93,0.00,1.00
-60.09,30.80,0.00,1.00
116.44,-171.03,0.00,1.00
18.07,-154.39,0.00,1.00
159.13,-122.44,0.00,1.00
136.76,-144.25,0.00,1.00
-12.41,-144.38,0.00,1.00
58.09,-168.17,0.00,1.00
37.20,-153.92,0.00,1.00
-61.03,-49.70,0.00,1.00
92.40,-185.81,0.00,1.00
-81.56,208.36,0.00,1.00
217.79,18.75,0.00,1.00
189.58,-101.74,0.00,1.00
-49.56,-75.46,0.00,1.00
44.51,-174.95,0.00,1.00
138.77,-128.13,0.00,1.00
31.10,130.01,0.00,1.00
-65.79,-15.30,0.00,1.00
-25.94,178.63,0.00,1.00
60.28,55.80,0.00,1.00
215.19,22.73,0.00,1.00
-72.15,-27.32,0.00,1.00
205.94,50.27,0.00,1.00
-106.29,172.68,0.00,1.00
30.42,107.87,0.00,1.00
26.46,118.44,0.00,1.00
-217.15,5.20,0.00,1.00
206.18,-4.71,0.00,1.00
-23.34,159.56,0.00,1.00
-34.26,193.51,0.00,1.00
22.87,122.31,0.00,1.00
-90.51,6.59,0.00,1.00
-203.19,33.29,0.00,1.00
16.54,140.41,0.00,1.00
-49.23,-83.56,0.00,1.00
62.83,-196.17,0.00,1.00
212.35,4.78,0.00,1.00
-142.20,149.08,0.00,1.00
-118.91,199.33,0.00,1.00
-21.80,-154.19,0.00,1.00
29.05,108.75,0.00,1.00
52.09,-196.48,0.00,1.00
104.70,-191.46,0.00,1.00
31.02,103.06,0.00,1.00
74.42,-197.57,0.00,1.00
-31.53,-126.89,0.00,1.00
-213.04,-18.01,0.00,1.00
40.34,95.14,0.00,1.00
116.78,-182.10,0.00,1.00
-145.96,180.26,0.00,1.00
52.60,-198.05,0.00,1.00
52.22,87.48,0.00,1.00
31.54,123.19,0.00,1.00
182.49,-141.35,0.00,1.00
-199.81,89.42,0.00,1.00
45.86,60.00,0.00,1.00
-77.19,43.88,0.00,1.00
-173.06,135.21,0.00,1.00
5.28,161.82,0.00,1.00
41.02,86.58,0.00,1.00
-15.01,-160.65,0.00,1.00
168.82,-121.40,0.00,1.00
199.10,-13.27,0.00,1.00
173.18,-35.65,0.00,1.00
-122.85,199.97,0.00,1.00
57.24,37.37,0.00,1.00
171.92,-88.60,0.00,1.00
43.61,-177.95,0.00,1.00
-75.55,41.11,0.00,1.00
-53.52,-45.38,0.00,1.00
115.24,-171.77,0.00,1.00
54.48,21.43,0.00,1.00
221.59,58.65,0.00,1.00
-28.11,-144.57,0.00,1.00
-168.43,112.41,0.00,1.00
186.40,49.00,0.00,1.00
1.72,-147.90,0.00,1.00
66.46,-29.05,0.00,1.00
64.10,25.69,0.00,1.00
-209.44,36.13,0.00,1.00
-58.83,-21.86,0.00,1.00
-210.83,24.87,0.00,1.00
-58.97,-0.55,0.00,1.00
-139.68,164.72,0.00,1.00
-6.13,172.20,0.00,1.00
8.16,-177.85,0.00,1.00
-34.26,-112.53,0.00,1.00
-91.77,48.59,0.00,1.00
-207.26,50.56,0.00,1.00
22.08,120.50,0.00,1.00
163.49,-153.54,0.00,1.00
-35.32,198.60,0.00,1.00
-66.83,-76.91,0.00,1.00
221.17,64.54,0.00,1.00
211.12,49.42,0.00,1.00
113.73,-162.04,0.00,1.00
-72.08,197.23,0.00,1.00
-28.25,181.14,0.00,1.00
10.73,-177.43,0.00,1.00
68.58,-198.03,0.00,1.00
-204.12,38.98,0.00,1.00
21.02,-175.77,0.00,1.00
-1.10,-152.32,0.00,1.00
11.66,132.13,0.00,1.00
43.29,114.13,0.00,1.00
-191.46,67.83,0.00,1.00
-32.11,182.89,0.00,1.00
-76.39,33.31,0.00,1.00
44.58,113.90,0.00,1.00
32.99,115.79,0.00,1.00
212.38,57.80,0.00,1.00
144.24,-155.91,0.00,1.00
54.08,-197.06,0.00,1.00
-82.70,196.63,0.00,1.00
-68.04,-13.69,0.00,1.00
46.92,-170.23,0.00,1.00
-188.12,62.15,0.00,1.00
52.89,-195.24,0.00,1.00
68.49,-41.41,0.00,1.00
-16.13,152.65,0.00,1.00
-202.62,106.51,0.00,1.00
206.12,67.88,0.00,1.00
111.05,-171.37,0.00,1.00
-144.38,160.28,0.00,1.00
-51.13,-43.42,0.00,1.00
182.06,-97.19,0.00,1.00
130.08,-171.09,0.00,1.00
-207.86,-43.14,0.00,1.00
201.42,-49.37,0.00,1.00
-94.07,184.45,0.00,1.00
-221.51,-8.18,0.00,1.00
-64.47,204.46,0.00,1.00
2.15,163.15,0.00,1.00
-6.73,182.28,0.00,1.00
-12.32,188.80,0.00,1.00
-32.74,209.79,0.00,1.00
36.65,-175.03,0.00,1.00
-195.71,25.32,0.00,1.00
57.20,27.01,0.00,1.00
115.79,-178.35,0.00,1.00
208.09,-11.97,0.00,1.00
-184.82,110.65,0.00,1.00
-48.84,197.37,0.00,1.00
-127.34,199.30,0.00,1.00
17.59,147.02,0.00,1.00
-50.27,206.85,0.00,1.00
198.74,47.47,0.00,1.00
-65.59,43.39,0.00,1.00
-202.65,27.36,0.00,1.00
-45.33,200.54,0.00,1.00
150.52,-157.75,0.00,1.00
-104.15,182.77,0.00,1.00
-45.78,-98.23,0.00,1.00
-62.59,41.62,0.00,1.00
-80.24,192.82,0.00,1.00
-196.35,36.61,0.00,1.00
41.44,75.88,0.00,1.00
-7.30,-154.25,0.00,1.00
-176.15,27.15,0.00,1.00
88.50,-203.99,0.00,1.00
-22.06,190.78,0.00,1.00
23.70,-207.55,0.00,1.00
-122.20,196.93,0.00,1.00
-54.02,221.34,0.00,1.00
-162.16,125.42,0.00,1.00
-197.32,67.34,0.00,1.00
6.51,-162.10,0.00,1.00
62.12,14.28,0.00,1.00
-208.76,-71.86,0.00,1.00
-62.68,-50.96,0.00,1.00
-98.64,200.53,0.00,1.00
-60.43,195.26,0.00,1.00
38.27,95.78,0.00,1.00
92.90,-183.47,0.00,1.00
-49.27,-83.95,0.00,1.00
202.36,-14.13,0.00,1.00
-180.51,115.37,0.00,1.00
72.40,-45.83,0.00,1.00
-207.55,-25.78,0.00,1.00
54.00,-192.82,0.00,1.00
-89.26,56.13,0.00,1.00
4.97,184.31,0.00,1.00
-180.66,112.52,0.00,1.00
198.33,-43.27,0.00,1.00
203.36,12.70,0.00,1.00
-55.85,-79.82,0.00,1.00
-21.78,201.45,0.00,1.00
20.51,-164.23,0.00,1.00
-199.49,-2.26,0.00,1.00
-219.89,-11.66,0.00,1.00
10.92,-143.09,0.00,1.00
-53.05,190.13,0.00,1.00
-42.12,212.87,0.00,1.00
-87.13,188.42,0.00,1.00
-174.71,105.98,0.00,1.00
37.70,108.31,0.00,1.00
-211.75,34.69,0.00,1.00
38.16,127.78,0.00,1.00
51.94,27.33,0.00,1.00
-217.15,-52.47,0.00,1.00
-51.05,199.61,0.00,1.00
166.96,-129.64,0.00,1.00
175.08,-80.55,0.00,1.00
71.92,-44.59,0.00,1.00
71.45,-175.37,0.00,1.00
-76.80,58.11,0.00,1.00
34.24,117.95,0.00,1.00
126.75,-158.62,0.00,1.00
58.64,-1.37,0.00,1.00
28.61,-161.88,0.00,1.00
101.39,-168.29,0.00,1.00
-142.68,174.21,0.00,1.00
144.10,-156.74,0.00,1.00
209.26,63.58,0.00,1.00
135.18,-166.09,0.00,1.00
208.23,-45.59,0.00,1.00
-165.73,151.80,0.00,1.00
136.06,-167.69,0.00,1.00
-219.27,-73.79,0.00,1.00
-54.74,-68.01,0.00,1.00
-74.69,213.44,0.00,1.00
-99.76,212.02,0.00,1.00
-60.37,-12.96,0.00,1.00
170.50,-97.14,0.00,1.00
199.88,-8.33,0.00,1.00
-66.53,-32.26,0.00,1.00
-214.33,-58.66,0.00,1.00
197.29,-52.59,0.00,1.00
-142.96,177.58,0.00,1.00
212.28,52.20,0.00,1.00
64.49,-176.67,0.00,1.00
-70.85,0.21,0.00,1.00
66.88,-37.80,0.00,1.00
193.73,-24.95,0.00,1.00
-199.14,-7.23,0.00,1.00
-5.19,-123.20,0.00,1.00
-80.41,24.91,0.00,1.00
-83.15,218.01,0.00,1.00
36.67,-185.94,0.00,1.00
-176.12,97.68,0.00,1.00
-73.85,14.06,0.00,1.00
183.68,-50.43,0.00,1.00
35.23,98.45,0.00,1.00
-102.52,193.06,0.00,1.00
-112.87,191.56,0.00,1.00
-204.18,-7.65,0.00,1.00
134.17,-149.63,0.00,1.00
48.00,-186.16,0.00,1.00
154.87,-119.72,0.00,1.00
23.30,-182.64,0.00,1.00
-179.08,119.16,0.00,1.00
12.87,-188.83,0.00,1.00
-79.87,68.04,0.00,1.00
26.63,118.46,0.00,1.00
207.19,-17.94,0.00,1.00
-20.45,-168.77,0.00,1.00
-198.19,24.87,0.00,1.00
-25.47,209.56,0.00,1.00
178.15,-98.07,0.00,1.00
-216.96,-33.84,0.00,1.00
203.51,-36.27,0.00,1.00
-163.96,139.35,0.00,1.00
-24.78,-118.26,0.00,1.00
35.78,-184.93,0.00,1.00
15.96,136.06,0.00,1.00
33.78,126.17,0.00,1.00
-1.68,-159.65,0.00,1.00
10.58,150.17,0.00,1.00
65.52,29.39,0.00,1.00
156.22,-122.83,0.00,1.00
62.84,-49.17,0.00,1.00
-7.93,-144.47,0.00,1.00
105.43,-208.71,0.00,1.00
109.19,-160.74,0.00,1.00
-191.83,35.81,0.00,1.00
200.83,-16.42,0.00,1.00
55.19,49.33,0.00,1.00
188.94,-2.43,0.00,1.00
-194.56,66.66,0.00,1.00
-127.02,166.41,0.00,1.00
-55.80,-7.98,0.00,1.00
-194.47,70.72,0.00,1.00
-148.49,176.83,0.00,1.00
212.08,-34.83,0.00,1.00
-72.80,4.24,0.00,1.00
-74.63,216.74,0.00,1.00
-33.88,-78.80,0.00,1.00
-71.66,32.65,0.00,1.00
-69.13,61.60,0.00,1.00
-106.35,195.86,0.00,1.00
-5.22,-112.99,0.00,1.00
119.45,-190.79,0.00,1.00
-168.39,147.66,0.00,1.00
-212.03,35.40,0.00,1.00
-41.80,201.27,0.00,1.00
74.34,-23.74,0.00,1.00
182.83,-88.94,0.00,1.00
211.94,47.41,0.00,1.00
-35.37,-126.18,0.00,1.00
23.32,115.02,0.00,1.00
60.94,36.46,0.00,1.00
62.26,62.03,0.00,1.00
-150.11,155.64,0.00,1.00
-29.18,-101.63,0.00,1.00
-66.01,17.10,0.00,1.00
-55.92,-77.94,0.00,1.00
-61.97,20.70,0.00,1.00
-209.78,-29.56,0.00,1.00
-65.89,70.42,0.00,1.00
-7.70,-119.56,0.00,1.00
-169.62,98.08,0.00,1.00
-198.94,19.95,0.00,1.00
204.34,-66.30,0.00,1.00
44.58,109.96,0.00,1.00
209.67,61.14,0.00,1.00
63.20,-4.73,0.00,1.00
61.71,29.37,0.00,1.00
64.85,-207.49,0.00,1.00
-177.72,124.63,0.00,1.00
-74.52,20.82,0.00,1.00
181.70,-105.82,0.00,1.00
62.76,-194.69,0.00,1.00
-53.48,-80.24,0.00,1.00
-32.86,-116.44,0.00,1.00
