158.31,123.87,0.00,1.00
156.15,126.44,0.00,1.00
157.97,126.04,0.00,1.00
153.83,124.72,0.00,1.00
155.88,124.38,0.00,1.00
160.97,117.61,0.00,1.00
156.90,122.15,0.00,1.00
155.77,124.78,0.00,1.00
155.62,122.91,0.00,1.00
156.38,121.28,0.00,1.00
43.21,216.59,0.00,1.00
46.77,215.04,0.00,1.00
43.57,217.35,0.00,1.00
42.71,217.04,0.00,1.00
48.25,216.91,0.00,1.00
46.34,218.19,0.00,1.00
45.24,213.66,0.00,1.00
42.01,217.02,0.00,1.00
47.77,216.99,0.00,1.00
50.75,216.70,0.00,1.00
-79.04,39.76,0.00,1.00
-83.20,37.98,0.00,1.00
-86.01,37.68,0.00,1.00
-85.31,40.67,0.00,1.00
-82.14,40.77,0.00,1.00
-82.68,38.03,0.00,1.00
-84.79,35.67,0.00,1.00
-85.20,39.84,0.00,1.00
-84.48,39.37,0.00,1.00
-84.48,37.26,0.00,1.00
120.45,-30.06,0.00,1.00
120.52,-29.18,0.00,1.00
122.71,-31.32,0.00,1.00
123.63,-25.19,0.00,1.00
120.90,-27.93,0.00,1.00
120.65,-24.99,0.00,1.00
116.36,-29.06,0.00,1.00
122.57,-25.62,0.00,1.00
124.04,-28.10,0.00,1.00
120.73,-28.45,0.00,1.00
216.45,-135.53,0.00,1.00
212.71,-138.48,0.00,1.00
217.13,-139.36,0.00,1.00
219.09,-135.94,0.00,1.00
220.31,-134.57,0.00,1.00
214.77,-136.48,0.00,1.00
215.54,-134.65,0.00,1.00
217.42,-138.57,0.00,1.00
214.50,-132.40,0.00,1.00
217.36,-137.35,0.00,1.00
152.21,91.61,0.00,1.00
152.90,90.18,0.00,1.00
150.60,93.48,0.00,1.00
152.59,91.40,0.00,1.00
150.39,90.90,0.00,1.00
152.02,89.99,0.00,1.00
150.45,92.47,0.00,1.00
151.26,95.86,0.00,1.00
150.00,90.35,0.00,1.00
151.81,92.70,0.00,1.00
235.97,-219.71,0.00,1.00
235.10,-217.88,0.00,1.00
230.22,-220.85,0.00,1.00
235.26,-219.86,0.00,1.00
235.18,-217.74,0.00,1.00
231.64,-221.35,0.00,1.00
235.56,-222.00,0.00,1.00
233.51,-218.66,0.00,1.00
232.65,-220.16,0.00,1.00
232.42,-220.35,0.00,1.00
74.69,-10.17,0.00,1.00
70.61,-7.78,0.00,1.00
77.29,-8.22,0.00,1.00
74.39,-7.59,0.00,1.00
71.45,-10.86,0.00,1.00
71.68,-5.80,0.00,1.00
76.73,-5.85,0.00,1.00
72.72,-8.81,0.00,1.00
73.94,-7.86,0.00,1.00
73.15,-8.79,0.00,1.00
153.90,-122.70,0.00,1.00
155.09,-125.35,0.00,1.00
153.89,-121.91,0.00,1.00
153.82,-121.10,0.00,1.00
153.54,-125.78,0.00,1.00
156.48,-123.06,0.00,1.00
152.77,-123.55,0.00,1.00
158.00,-120.86,0.00,1.00
152.42,-126.79,0.00,1.00
156.06,-123.40,0.00,1.00
-74.54,88.95,0.00,1.00
-77.52,94.35,0.00,1.00
-76.09,90.03,0.00,1.00
-79.29,88.41,0.00,1.00
-77.55,95.09,0.00,1.00
-77.35,92.38,0.00,1.00
-78.44,94.29,0.00,1.00
-74.90,90.53,0.00,1.00
-81.97,93.61,0.00,1.00
-78.63,94.19,0.00,1.00
-140.14,-168.42,0.00,1.00
-138.76,-163.03,0.00,1.00
-138.59,-166.95,0.00,1.00
-142.65,-169.16,0.00,1.00
-137.95,-167.04,0.00,1.00
-142.31,-165.67,0.00,1.00
-140.33,-166.97,0.00,1.00
-142.11,-163.07,0.00,1.00
-142.62,-164.69,0.00,1.00
-141.11,-163.60,0.00,1.00
131.37,-217.90,0.00,1.00
131.54,-219.63,0.00,1.00
130.89,-217.97,0.00,1.00
132.78,-215.75,0.00,1.00
131.24,-216.42,0.00,1.00
131.77,-214.88,0.00,1.00
132.16,-218.10,0.00,1.00
132.42,-211.68,0.00,1.00
133.43,-219.52,0.00,1.00
131.47,-216.55,0.00,1.00
190.29,-96.59,0.00,1.00
190.61,-95.41,0.00,1.00
189.50,-98.13,0.00,1.00
187.27,-102.22,0.00,1.00
186.47,-100.03,0.00,1.00
189.87,-98.74,0.00,1.00
189.24,-95.41,0.00,1.00
188.51,-95.93,0.00,1.00
189.81,-98.37,0.00,1.00
191.17,-95.56,0.00,1.00
46.91,53.76,0.00,1.00
43.93,62.18,0.00,1.00
47.51,58.16,0.00,1.00
44.89,56.30,0.00,1.00
44.18,58.78,0.00,1.00
46.12,55.06,0.00,1.00
48.44,57.91,0.00,1.00
43.68,57.49,0.00,1.00
43.00,58.91,0.00,1.00
46.80,56.23,0.00,1.00
115.76,89.09,0.00,1.00
115.04,90.03,0.00,1.00
116.26,89.33,0.00,1.00
115.07,87.00,0.00,1.00
115.03,87.30,0.00,1.00
112.66,91.92,0.00,1.00
119.98,91.25,0.00,1.00
120.18,93.50,0.00,1.00
117.22,91.84,0.00,1.00
116.38,94.01,0.00,1.00
-120.29,-110.99,0.00,1.00
-117.63,-109.04,0.00,1.00
-118.60,-113.36,0.00,1.00
-116.01,-110.41,0.00,1.00
-119.97,-111.31,0.00,1.00
-117.63,-110.13,0.00,1.00
-118.18,-112.42,0.00,1.00
-119.11,-111.47,0.00,1.00
-116.60,-111.54,0.00,1.00
-118.17,-115.06,0.00,1.00
76.47,-180.41,0.00,1.00
76.46,-179.07,0.00,1.00
78.99,-177.90,0.00,1.00
75.52,-177.91,0.00,1.00
76.92,-181.67,0.00,1.00
79.31,-182.56,0.00,1.00
75.71,-177.71,0.00,1.00
78.02,-183.00,0.00,1.00
78.42,-181.18,0.00,1.00
77.11,-180.22,0.00,1.00
224.58,61.66,0.00,1.00
223.36,62.79,0.00,1.00
224.22,62.34,0.00,1.00
223.14,62.22,0.00,1.00
223.51,58.53,0.00,1.00
221.00,57.74,0.00,1.00
221.29,60.91,0.00,1.00
223.60,60.83,0.00,1.00
223.33,60.00,0.00,1.00
222.34,57.70,0.00,1.00
-184.67,-188.81,0.00,1.00
-181.14,-190.22,0.00,1.00
-181.92,-193.00,0.00,1.00
-181.18,-188.07,0.00,1.00
-184.29,-193.20,0.00,1.00
-180.29,-189.71,0.00,1.00
-184.04,-193.31,0.00,1.00
-181.98,-191.74,0.00,1.00
-180.51,-192.81,0.00,1.00
-179.94,-190.61,0.00,1.00
-126.12,-139.20,0.00,1.00
-128.77,-139.44,0.00,1.00
-128.96,-140.95,0.00,1.00
-128.44,-141.33,0.00,1.00
-127.26,-136.62,0.00,1.00
-125.09,-137.97,0.00,1.00
-127.10,-139.44,0.00,1.00
-126.39,-141.64,0.00,1.00
-123.94,-138.21,0.00,1.00
-127.89,-137.56,0.00,1.00
-237.78,31.11,0.00,1.00
-238.37,37.44,0.00,1.00
-234.08,31.18,0.00,1.00
-236.82,32.69,0.00,1.00
-237.40,35.83,0.00,1.00
-234.49,33.94,0.00,1.00
-233.18,35.94,0.00,1.00
-236.54,32.70,0.00,1.00
-235.64,35.16,0.00,1.00
-232.89,33.38,0.00,1.00
125.16,-68.04,0.00,1.00
130.08,-72.74,0.00,1.00
127.72,-67.39,0.00,1.00
127.71,-68.38,0.00,1.00
130.45,-69.40,0.00,1.00
131.07,-70.62,0.00,1.00
128.45,-70.20,0.00,1.00
128.78,-70.03,0.00,1.00
131.22,-68.91,0.00,1.00
125.80,-66.50,0.00,1.00
-157.02,-71.29,0.00,1.00
-154.86,-72.99,0.00,1.00
-151.39,-71.90,0.00,1.00
-154.56,-71.12,0.00,1.00
-155.45,-70.89,0.00,1.00
-152.66,-69.44,0.00,1.00
-153.43,-74.03,0.00,1.00
-157.79,-69.43,0.00,1.00
-155.21,-68.96,0.00,1.00
-153.47,-71.74,0.00,1.00
219.83,74.72,0.00,1.00
223.23,72.72,0.00,1.00
226.00,75.30,0.00,1.00
221.17,75.02,0.00,1.00
218.83,77.91,0.00,1.00
217.33,74.19,0.00,1.00
219.84,71.98,0.00,1.00
222.16,76.25,0.00,1.00
224.69,77.31,0.00,1.00
220.92,73.36,0.00,1.00
124.48,-194.08,0.00,1.00
130.56,-196.86,0.00,1.00
130.79,-193.55,0.00,1.00
126.79,-195.83,0.00,1.00
131.73,-192.60,0.00,1.00
127.02,-192.86,0.00,1.00
130.81,-194.51,0.00,1.00
127.11,-196.85,0.00,1.00
129.80,-192.71,0.00,1.00
130.21,-191.05,0.00,1.00
172.83,-14.38,0.00,1.00
179.12,-9.10,0.00,1.00
178.32,-11.69,0.00,1.00
175.00,-16.50,0.00,1.00
179.84,-13.98,0.00,1.00
177.15,-13.30,0.00,1.00
173.80,-10.88,0.00,1.00
176.14,-12.44,0.00,1.00
179.36,-10.21,0.00,1.00
176.77,-15.88,0.00,1.00
39.86,89.14,0.00,1.00
40.91,91.71,0.00,1.00
38.34,89.91,0.00,1.00
41.55,90.18,0.00,1.00
38.15,92.20,0.00,1.00
41.65,90.58,0.00,1.00
40.66,88.49,0.00,1.00
42.33,87.45,0.00,1.00
39.52,92.77,0.00,1.00
38.05,95.23,0.00,1.00
114.86,-158.67,0.00,1.00
115.98,-154.16,0.00,1.00
115.91,-156.50,0.00,1.00
111.81,-164.62,0.00,1.00
116.21,-158.96,0.00,1.00
116.56,-158.54,0.00,1.00
115.26,-155.78,0.00,1.00
116.39,-158.80,0.00,1.00
115.24,-156.63,0.00,1.00
116.42,-157.54,0.00,1.00
-105.22,162.20,0.00,1.00
-103.13,163.56,0.00,1.00
-102.10,165.77,0.00,1.00
-98.93,164.09,0.00,1.00
-101.64,162.88,0.00,1.00
-103.18,163.84,0.00,1.00
-105.09,163.61,0.00,1.00
-102.11,165.05,0.00,1.00
-103.29,165.59,0.00,1.00
-98.00,161.71,0.00,1.00
198.59,121.74,0.00,1.00
196.89,123.31,0.00,1.00
197.38,118.78,0.00,1.00
200.93,121.40,0.00,1.00
195.22,121.35,0.00,1.00
196.39,124.67,0.00,1.00
195.85,119.77,0.00,1.00
199.25,122.75,0.00,1.00
194.69,122.51,0.00,1.00
198.76,118.93,0.00,1.00
174.50,-155.38,0.00,1.00
170.89,-160.04,0.00,1.00
174.26,-155.44,0.00,1.00
171.86,-153.75,0.00,1.00
167.91,-156.68,0.00,1.00
169.54,-154.46,0.00,1.00
171.37,-152.27,0.00,1.00
172.82,-151.65,0.00,1.00
171.67,-154.66,0.00,1.00
171.56,-151.79,0.00,1.00
-41.39,-95.68,0.00,1.00
-39.87,-94.40,0.00,1.00
-40.07,-92.90,0.00,1.00
-41.16,-95.51,0.00,1.00
-45.12,-94.67,0.00,1.00
-40.14,-95.57,0.00,1.00
-41.82,-95.95,0.00,1.00
-40.53,-93.58,0.00,1.00
-44.34,-93.56,0.00,1.00
-40.50,-96.25,0.00,1.00
137.43,-138.06,0.00,1.00
138.43,-138.17,0.00,1.00
137.21,-134.69,0.00,1.00
140.90,-138.40,0.00,1.00
138.42,-132.22,0.00,1.00
138.03,-136.23,0.00,1.00
137.95,-133.71,0.00,1.00
135.95,-137.41,0.00,1.00
135.97,-135.47,0.00,1.00
140.19,-137.57,0.00,1.00
97.82,-126.88,0.00,1.00
96.86,-123.66,0.00,1.00
94.85,-125.68,0.00,1.00
97.43,-123.56,0.00,1.00
97.27,-122.71,0.00,1.00
92.67,-119.34,0.00,1.00
100.34,-125.98,0.00,1.00
96.14,-120.85,0.00,1.00
97.55,-122.59,0.00,1.00
98.35,-124.95,0.00,1.00
232.79,-83.58,0.00,1.00
236.98,-85.05,0.00,1.00
233.66,-86.25,0.00,1.00
231.37,-86.23,0.00,1.00
233.28,-80.68,0.00,1.00
235.45,-84.68,0.00,1.00
229.82,-86.67,0.00,1.00
231.49,-83.35,0.00,1.00
236.73,-80.55,0.00,1.00
234.24,-87.48,0.00,1.00
-117.71,153.89,0.00,1.00
-123.38,149.41,0.00,1.00
-121.29,150.47,0.00,1.00
-119.76,150.15,0.00,1.00
-119.78,153.36,0.00,1.00
-122.26,151.39,0.00,1.00
-121.89,150.27,0.00,1.00
-117.99,150.13,0.00,1.00
-121.94,149.37,0.00,1.00
-119.85,151.46,0.00,1.00
-6.78,170.17,0.00,1.00
-7.03,171.95,0.00,1.00
-13.44,173.97,0.00,1.00
-9.09,170.36,0.00,1.00
-7.03,169.75,0.00,1.00
-10.30,171.87,0.00,1.00
-7.27,169.42,0.00,1.00
-7.76,174.89,0.00,1.00
-9.30,170.37,0.00,1.00
-7.72,169.65,0.00,1.00
16.42,205.44,0.00,1.00
15.50,207.22,0.00,1.00
15.01,208.49,0.00,1.00
19.84,205.61,0.00,1.00
19.02,205.94,0.00,1.00
22.41,212.48,0.00,1.00
19.02,205.00,0.00,1.00
19.68,205.54,0.00,1.00
15.84,206.89,0.00,1.00
18.94,205.30,0.00,1.00
163.53,186.94,0.00,1.00
161.99,188.50,0.00,1.00
164.57,190.73,0.00,1.00
165.40,190.47,0.00,1.00
165.93,192.10,0.00,1.00
166.51,188.62,0.00,1.00
164.07,189.05,0.00,1.00
166.26,190.51,0.00,1.00
162.37,190.90,0.00,1.00
165.78,191.42,0.00,1.00
-214.16,-89.35,0.00,1.00
-212.94,-82.08,0.00,1.00
-216.71,-88.64,0.00,1.00
-214.48,-84.44,0.00,1.00
-212.66,-82.83,0.00,1.00
-214.30,-87.78,0.00,1.00
-217.10,-85.67,0.00,1.00
-213.08,-86.28,0.00,1.00
-214.45,-85.03,0.00,1.00
-213.76,-86.76,0.00,1.00
-170.89,217.85,0.00,1.00
-171.21,213.22,0.00,1.00
-170.65,218.67,0.00,1.00
-173.88,219.29,0.00,1.00
-168.77,217.99,0.00,1.00
-172.51,220.57,0.00,1.00
-171.35,219.39,0.00,1.00
-166.63,219.97,0.00,1.00
-169.52,215.65,0.00,1.00
-172.03,220.70,0.00,1.00
-3.60,207.34,0.00,1.00
-2.04,202.78,0.00,1.00
3.28,202.45,0.00,1.00
1.49,203.47,0.00,1.00
-0.55,205.72,0.00,1.00
-2.48,201.26,0.00,1.00
0.88,202.07,0.00,1.00
0.04,201.16,0.00,1.00
-1.87,200.26,0.00,1.00
0.91,202.94,0.00,1.00
226.87,29.75,0.00,1.00
229.26,33.45,0.00,1.00
226.75,28.47,0.00,1.00
226.99,30.46,0.00,1.00
229.44,28.66,0.00,1.00
231.67,28.95,0.00,1.00
227.49,30.79,0.00,1.00
229.42,30.48,0.00,1.00
226.95,29.52,0.00,1.00
227.69,31.58,0.00,1.00
-113.24,201.27,0.00,1.00
-110.32,201.05,0.00,1.00
-109.59,199.85,0.00,1.00
-112.86,201.44,0.00,1.00
-111.85,201.73,0.00,1.00
-112.29,198.58,0.00,1.00
-112.60,198.21,0.00,1.00
-112.54,200.81,0.00,1.00
-113.71,196.64,0.00,1.00
-116.15,199.66,0.00,1.00
104.21,-0.17,0.00,1.00
103.96,-2.89,0.00,1.00
105.89,-2.19,0.00,1.00
103.83,-1.79,0.00,1.00
107.72,-1.91,0.00,1.00
102.57,-0.44,0.00,1.00
100.03,-3.37,0.00,1.00
102.09,-1.35,0.00,1.00
102.73,-1.65,0.00,1.00
104.04,-3.04,0.00,1.00
-18.52,210.01,0.00,1.00
-18.36,211.20,0.00,1.00
-19.71,212.43,0.00,1.00
-15.42,210.70,0.00,1.00
-20.39,210.33,0.00,1.00
-22.05,210.83,0.00,1.00
-19.30,209.90,0.00,1.00
-15.33,213.40,0.00,1.00
-17.74,212.21,0.00,1.00
-20.50,209.09,0.00,1.00
91.18,124.80,0.00,1.00
93.63,118.51,0.00,1.00
93.54,117.76,0.00,1.00
95.87,116.65,0.00,1.00
90.48,122.18,0.00,1.00
93.96,119.25,0.00,1.00
92.93,117.46,0.00,1.00
90.62,119.54,0.00,1.00
88.46,118.02,0.00,1.00
94.75,122.44,0.00,1.00
106.68,-113.29,0.00,1.00
105.56,-113.91,0.00,1.00
103.97,-116.62,0.00,1.00
105.58,-111.61,0.00,1.00
106.93,-112.26,0.00,1.00
105.41,-115.13,0.00,1.00
107.30,-114.85,0.00,1.00
108.38,-114.68,0.00,1.00
102.63,-112.77,0.00,1.00
105.11,-115.64,0.00,1.00
173.62,-236.00,0.00,1.00
174.06,-238.92,0.00,1.00
169.63,-236.92,0.00,1.00
173.22,-235.61,0.00,1.00
174.30,-238.40,0.00,1.00
171.18,-237.18,0.00,1.00
172.72,-237.76,0.00,1.00
171.84,-235.14,0.00,1.00
171.58,-235.75,0.00,1.00
173.71,-233.57,0.00,1.00
2.80,78.50,0.00,1.00
7.53,79.82,0.00,1.00
6.00,81.41,0.00,1.00
4.87,81.30,0.00,1.00
9.10,79.19,0.00,1.00
5.86,82.76,0.00,1.00
4.82,80.29,0.00,1.00
6.74,81.25,0.00,1.00
9.30,82.91,0.00,1.00
11.77,79.38,0.00,1.00
225.50,-63.80,0.00,1.00
224.83,-63.85,0.00,1.00
223.42,-61.01,0.00,1.00
218.82,-61.85,0.00,1.00
222.75,-61.82,0.00,1.00
221.95,-61.59,0.00,1.00
220.12,-62.40,0.00,1.00
224.21,-61.38,0.00,1.00
221.09,-64.75,0.00,1.00
222.19,-57.54,0.00,1.00
18.36,-20.90,0.00,1.00
15.78,-18.12,0.00,1.00
17.71,-21.45,0.00,1.00
12.94,-18.95,0.00,1.00
21.81,-19.68,0.00,1.00
13.35,-17.76,0.00,1.00
14.70,-19.77,0.00,1.00
17.35,-18.71,0.00,1.00
15.12,-22.24,0.00,1.00
14.32,-17.50,0.00,1.00
-156.79,-183.58,0.00,1.00
-158.60,-183.10,0.00,1.00
-154.99,-181.00,0.00,1.00
-156.87,-186.24,0.00,1.00
-157.63,-179.29,0.00,1.00
-155.85,-185.75,0.00,1.00
-152.95,-182.47,0.00,1.00
-156.22,-183.48,0.00,1.00
-155.91,-181.37,0.00,1.00
-154.09,-182.05,0.00,1.00
-111.74,-124.52,0.00,1.00
-115.73,-125.65,0.00,1.00
-116.40,-123.93,0.00,1.00
-115.61,-122.92,0.00,1.00
-113.08,-126.28,0.00,1.00
-115.20,-128.10,0.00,1.00
-114.83,-125.15,0.00,1.00
-115.20,-122.92,0.00,1.00
-119.70,-130.78,0.00,1.00
-116.06,-126.41,0.00,1.00
157.96,-103.77,0.00,1.00
153.95,-106.65,0.00,1.00
155.36,-108.42,0.00,1.00
153.32,-105.91,0.00,1.00
157.53,-107.27,0.00,1.00
155.99,-106.09,0.00,1.00
153.94,-103.95,0.00,1.00
156.89,-105.94,0.00,1.00
157.04,-103.54,0.00,1.00
154.61,-105.64,0.00,1.00
-132.49,-181.41,0.00,1.00
-129.15,-183.32,0.00,1.00
-127.39,-178.12,0.00,1.00
-130.67,-178.20,0.00,1.00
-130.45,-177.17,0.00,1.00
-128.88,-182.55,0.00,1.00
-126.73,-178.56,0.00,1.00
-129.20,-178.56,0.00,1.00
-130.53,-180.92,0.00,1.00
-132.36,-177.16,0.00,1.00
-170.21,-168.16,0.00,1.00
-166.72,-167.68,0.00,1.00
-164.57,-164.49,0.00,1.00
-165.71,-164.68,0.00,1.00
-168.08,-168.47,0.00,1.00
-165.28,-169.06,0.00,1.00
-163.87,-167.29,0.00,1.00
-165.76,-168.60,0.00,1.00
-165.89,-169.87,0.00,1.00
-163.87,-166.18,0.00,1.00
-149.57,33.94,0.00,1.00
-151.20,35.46,0.00,1.00
-150.01,37.22,0.00,1.00
-152.23,36.60,0.00,1.00
-155.75,34.00,0.00,1.00
-155.28,34.32,0.00,1.00
-151.02,34.32,0.00,1.00
-154.44,31.79,0.00,1.00
-151.17,33.83,0.00,1.00
-152.01,35.30,0.00,1.00
-5.12,-128.57,0.00,1.00
-7.49,-130.23,0.00,1.00
-8.85,-129.20,0.00,1.00
-8.35,-128.72,0.00,1.00
-5.27,-131.43,0.00,1.00
-9.75,-128.69,0.00,1.00
-6.18,-131.64,0.00,1.00
-8.87,-126.09,0.00,1.00
-5.62,-128.99,0.00,1.00
-8.86,-129.20,0.00,1.00
34.77,197.06,0.00,1.00
33.44,197.69,0.00,1.00
28.59,199.59,0.00,1.00
30.98,194.77,0.00,1.00
26.14,198.26,0.00,1.00
27.62,198.01,0.00,1.00
33.09,197.34,0.00,1.00
28.74,197.41,0.00,1.00
28.94,198.81,0.00,1.00
29.59,198.55,0.00,1.00
-8.21,-79.20,0.00,1.00
-8.01,-81.86,0.00,1.00
-6.86,-78.67,0.00,1.00
-8.51,-82.59,0.00,1.00
-7.77,-78.58,0.00,1.00
-6.56,-81.74,0.00,1.00
-8.39,-79.33,0.00,1.00
-10.01,-79.43,0.00,1.00
-8.85,-80.85,0.00,1.00
-9.21,-76.77,0.00,1.00
-119.02,-137.74,0.00,1.00
-118.64,-140.33,0.00,1.00
-118.65,-134.52,0.00,1.00
-121.96,-140.22,0.00,1.00
-117.70,-141.05,0.00,1.00
-116.81,-143.69,0.00,1.00
-120.22,-139.95,0.00,1.00
-118.90,-143.33,0.00,1.00
-121.06,-138.43,0.00,1.00
-120.83,-136.55,0.00,1.00
147.75,123.10,0.00,1.00
143.17,123.23,0.00,1.00
143.41,125.32,0.00,1.00
146.52,120.95,0.00,1.00
144.31,122.30,0.00,1.00
146.90,122.20,0.00,1.00
149.85,124.31,0.00,1.00
144.28,123.83,0.00,1.00
146.43,121.24,0.00,1.00
148.42,124.29,0.00,1.00
147.59,12.03,0.00,1.00
145.79,10.40,0.00,1.00
150.22,8.48,0.00,1.00
149.84,12.35,0.00,1.00
147.53,8.26,0.00,1.00
149.77,13.77,0.00,1.00
149.87,10.20,0.00,1.00
148.76,11.94,0.00,1.00
148.63,11.07,0.00,1.00
149.68,11.68,0.00,1.00
-179.51,-217.55,0.00,1.00
-182.32,-223.69,0.00,1.00
-182.70,-219.16,0.00,1.00
-179.09,-217.53,0.00,1.00
-179.24,-218.12,0.00,1.00
-182.27,-220.96,0.00,1.00
-179.61,-220.63,0.00,1.00
-184.53,-219.46,0.00,1.00
-182.12,-218.73,0.00,1.00
-181.62,-218.06,0.00,1.00
226.75,30.94,0.00,1.00
227.29,31.98,0.00,1.00
229.03,31.20,0.00,1.00
228.10,34.15,0.00,1.00
233.79,32.09,0.00,1.00
228.21,28.96,0.00,1.00
229.52,31.15,0.00,1.00
229.86,33.86,0.00,1.00
228.41,29.85,0.00,1.00
225.51,32.04,0.00,1.00
-139.30,46.99,0.00,1.00
-138.39,45.70,0.00,1.00
-141.41,45.62,0.00,1.00
-143.15,44.28,0.00,1.00
-142.81,44.27,0.00,1.00
-140.63,42.04,0.00,1.00
-141.03,41.15,0.00,1.00
-137.32,44.35,0.00,1.00
-140.49,45.84,0.00,1.00
-138.31,44.60,0.00,1.00
123.10,67.73,0.00,1.00
122.11,67.71,0.00,1.00
121.08,69.50,0.00,1.00
124.27,69.26,0.00,1.00
120.31,70.34,0.00,1.00
121.17,67.19,0.00,1.00
119.33,70.66,0.00,1.00
119.24,71.12,0.00,1.00
120.36,67.92,0.00,1.00
123.14,71.85,0.00,1.00
138.43,-116.04,0.00,1.00
138.66,-116.96,0.00,1.00
135.75,-116.09,0.00,1.00
134.50,-117.15,0.00,1.00
133.62,-111.42,0.00,1.00
133.89,-115.50,0.00,1.00
135.17,-117.71,0.00,1.00
134.28,-115.54,0.00,1.00
134.17,-117.42,0.00,1.00
134.69,-116.18,0.00,1.00
-125.01,-164.77,0.00,1.00
-127.38,-165.98,0.00,1.00
-125.98,-166.46,0.00,1.00
-119.61,-164.15,0.00,1.00
-125.06,-164.07,0.00,1.00
-123.53,-166.34,0.00,1.00
-123.39,-159.78,0.00,1.00
-123.37,-162.79,0.00,1.00
-121.78,-165.09,0.00,1.00
-124.68,-167.51,0.00,1.00
170.14,142.15,0.00,1.00
166.91,141.86,0.00,1.00
163.01,144.09,0.00,1.00
168.35,141.44,0.00,1.00
164.99,141.22,0.00,1.00
163.26,143.15,0.00,1.00
171.39,139.00,0.00,1.00
172.19,138.99,0.00,1.00
169.27,139.76,0.00,1.00
170.29,140.96,0.00,1.00
-6.06,-137.72,0.00,1.00
-7.06,-142.00,0.00,1.00
-4.64,-139.17,0.00,1.00
-2.61,-140.59,0.00,1.00
-5.39,-139.02,0.00,1.00
-9.29,-141.86,0.00,1.00
-2.99,-141.76,0.00,1.00
-6.54,-137.66,0.00,1.00
-3.35,-137.36,0.00,1.00
-4.65,-139.53,0.00,1.00
80.08,-131.26,0.00,1.00
79.75,-129.17,0.00,1.00
81.53,-132.74,0.00,1.00
77.26,-130.06,0.00,1.00
79.72,-131.47,0.00,1.00
78.22,-129.40,0.00,1.00
74.79,-128.93,0.00,1.00
77.15,-130.28,0.00,1.00
78.30,-129.01,0.00,1.00
78.61,-130.69,0.00,1.00
-190.97,32.33,0.00,1.00
-192.22,35.05,0.00,1.00
-191.72,29.98,0.00,1.00
-191.66,31.41,0.00,1.00
-189.25,33.12,0.00,1.00
-188.83,32.97,0.00,1.00
-191.30,29.44,0.00,1.00
-192.71,33.39,0.00,1.00
-195.27,31.78,0.00,1.00
-193.95,31.74,0.00,1.00
-5.19,-176.03,0.00,1.00
-7.35,-176.01,0.00,1.00
-3.37,-176.71,0.00,1.00
-4.14,-175.35,0.00,1.00
-4.94,-173.94,0.00,1.00
-3.81,-174.12,0.00,1.00
-4.82,-178.38,0.00,1.00
-9.04,-179.47,0.00,1.00
-7.05,-177.22,0.00,1.00
-3.73,-175.92,0.00,1.00
-96.59,-61.12,0.00,1.00
-97.86,-59.59,0.00,1.00
-97.61,-64.57,0.00,1.00
-98.00,-62.02,0.00,1.00
-94.70,-63.05,0.00,1.00
-94.45,-61.93,0.00,1.00
-96.32,-60.05,0.00,1.00
-94.75,-60.52,0.00,1.00
-97.43,-59.36,0.00,1.00
-94.09,-61.14,0.00,1.00
-54.52,216.46,0.00,1.00
-56.74,214.84,0.00,1.00
-55.27,214.02,0.00,1.00
-54.79,218.62,0.00,1.00
-53.91,214.52,0.00,1.00
-54.28,215.58,0.00,1.00
-54.31,216.18,0.00,1.00
-55.29,212.33,0.00,1.00
-53.07,215.73,0.00,1.00
-53.13,215.48,0.00,1.00
-54.23,-180.15,0.00,1.00
-54.44,-184.13,0.00,1.00
-54.70,-182.00,0.00,1.00
-54.68,-181.46,0.00,1.00
-52.80,-181.34,0.00,1.00
-57.12,-180.23,0.00,1.00
-51.77,-183.40,0.00,1.00
-55.17,-183.20,0.00,1.00
-53.15,-184.11,0.00,1.00
-53.88,-182.52,0.00,1.00
97.52,99.23,0.00,1.00
98.06,99.09,0.00,1.00
98.33,102.86,0.00,1.00
99.69,98.59,0.00,1.00
98.13,103.05,0.00,1.00
97.38,101.63,0.00,1.00
97.30,99.04,0.00,1.00
97.99,98.38,0.00,1.00
99.37,101.49,0.00,1.00
98.58,99.58,0.00,1.00
-14.14,89.33,0.00,1.00
-11.16,88.23,0.00,1.00
-15.57,90.17,0.00,1.00
-12.55,86.61,0.00,1.00
-14.15,86.31,0.00,1.00
-11.48,89.65,0.00,1.00
-13.36,85.33,0.00,1.00
-12.25,87.98,0.00,1.00
-11.95,86.83,0.00,1.00
-10.57,88.44,0.00,1.00
76.59,-194.95,0.00,1.00
74.95,-196.94,0.00,1.00
72.66,-195.54,0.00,1.00
74.22,-199.70,0.00,1.00
77.41,-195.96,0.00,1.00
77.24,-193.41,0.00,1.00
71.24,-197.64,0.00,1.00
73.90,-194.66,0.00,1.00
77.02,-193.96,0.00,1.00
73.80,-194.68,0.00,1.00
-25.17,-239.14,0.00,1.00
-24.58,-237.38,0.00,1.00
-26.12,-241.18,0.00,1.00
-23.42,-233.47,0.00,1.00
-25.30,-237.78,0.00,1.00
-28.06,-235.91,0.00,1.00
-24.61,-238.26,0.00,1.00
-21.67,-236.73,0.00,1.00
-20.96,-236.76,0.00,1.00
-24.99,-237.93,0.00,1.00
99.94,126.04,0.00,1.00
101.13,128.43,0.00,1.00
100.42,126.20,0.00,1.00
99.30,126.64,0.00,1.00
100.09,123.44,0.00,1.00
100.99,125.04,0.00,1.00
99.82,125.96,0.00,1.00
100.52,124.08,0.00,1.00
101.24,126.09,0.00,1.00
99.79,126.81,0.00,1.00
182.00,-52.15,0.00,1.00
186.88,-50.28,0.00,1.00
186.72,-50.68,0.00,1.00
182.38,-54.31,0.00,1.00
186.59,-53.52,0.00,1.00
189.83,-53.94,0.00,1.00
185.09,-52.59,0.00,1.00
187.23,-52.13,0.00,1.00
183.69,-52.02,0.00,1.00
184.33,-52.17,0.00,1.00
32.82,-67.71,0.00,1.00
30.99,-64.73,0.00,1.00
33.48,-62.88,0.00,1.00
29.33,-66.30,0.00,1.00
26.99,-69.04,0.00,1.00
31.59,-64.68,0.00,1.00
29.73,-65.69,0.00,1.00
34.95,-64.27,0.00,1.00
32.56,-67.15,0.00,1.00
31.12,-64.93,0.00,1.00
-203.29,128.28,0.00,1.00
-202.62,124.41,0.00,1.00
-203.52,122.87,0.00,1.00
-202.60,127.39,0.00,1.00
-201.50,125.42,0.00,1.00
-204.09,122.99,0.00,1.00
-205.43,124.69,0.00,1.00
-201.77,123.37,0.00,1.00
-202.99,123.29,0.00,1.00
-202.33,123.18,0.00,1.00
243.65,-228.60,0.00,1.00
233.51,-222.62,0.00,1.00
240.02,-224.38,0.00,1.00
240.13,-226.63,0.00,1.00
240.11,-224.25,0.00,1.00
239.42,-225.01,0.00,1.00
236.26,-223.85,0.00,1.00
235.10,-218.30,0.00,1.00
239.07,-221.67,0.00,1.00
233.35,-222.70,0.00,1.00
221.96,-124.35,0.00,1.00
229.01,-118.66,0.00,1.00
225.73,-123.26,0.00,1.00
225.67,-121.74,0.00,1.00
227.95,-120.80,0.00,1.00
224.61,-123.34,0.00,1.00
224.08,-128.18,0.00,1.00
227.17,-126.78,0.00,1.00
222.94,-122.23,0.00,1.00
225.16,-121.76,0.00,1.00
83.53,-32.86,0.00,1.00
79.38,-30.38,0.00,1.00
82.51,-32.87,0.00,1.00
79.56,-34.29,0.00,1.00
82.31,-33.60,0.00,1.00
81.38,-31.96,0.00,1.00
80.51,-32.40,0.00,1.00
73.76,-34.93,0.00,1.00
81.12,-35.07,0.00,1.00
79.03,-32.20,0.00,1.00
-38.03,-126.64,0.00,1.00
-35.27,-120.80,0.00,1.00
-35.75,-121.30,0.00,1.00
-37.61,-124.98,0.00,1.00
-36.85,-124.35,0.00,1.00
-34.57,-125.51,0.00,1.00
-34.80,-117.53,0.00,1.00
-38.29,-124.52,0.00,1.00
-36.73,-123.35,0.00,1.00
-36.20,-126.26,0.00,1.00
-95.38,78.16,0.00,1.00
-94.90,81.36,0.00,1.00
-96.37,78.43,0.00,1.00
-96.27,80.75,0.00,1.00
-95.46,80.06,0.00,1.00
-96.47,77.24,0.00,1.00
-92.06,78.96,0.00,1.00
-94.91,81.26,0.00,1.00
-97.88,76.68,0.00,1.00
-94.01,82.97,0.00,1.00
-175.44,30.10,0.00,1.00
-173.09,26.13,0.00,1.00
-173.65,26.29,0.00,1.00
-179.40,28.29,0.00,1.00
-174.31,27.38,0.00,1.00
-173.94,31.12,0.00,1.00
-174.18,28.01,0.00,1.00
-176.63,28.51,0.00,1.00
-174.40,27.94,0.00,1.00
-179.35,30.94,0.00,1.00
-83.78,28.69,0.00,1.00
-84.09,26.07,0.00,1.00
-83.41,26.84,0.00,1.00
-86.46,29.86,0.00,1.00
-83.81,28.45,0.00,1.00
-84.14,27.04,0.00,1.00
-83.19,29.19,0.00,1.00
-83.89,27.65,0.00,1.00
-86.06,31.31,0.00,1.00
-82.31,29.14,0.00,1.00
30.11,31.26,0.00,1.00
31.57,28.78,0.00,1.00
30.94,29.39,0.00,1.00
29.00,25.23,0.00,1.00
33.11,29.27,0.00,1.00
29.28,26.49,0.00,1.00
31.80,29.72,0.00,1.00
32.62,27.02,0.00,1.00
33.24,27.87,0.00,1.00
34.10,27.91,0.00,1.00
-14.10,237.15,0.00,1.00
-11.79,235.33,0.00,1.00
-12.57,236.19,0.00,1.00
-10.68,235.84,0.00,1.00
-11.76,234.17,0.00,1.00
-12.68,233.22,0.00,1.00
-13.43,233.70,0.00,1.00
-15.98,230.89,0.00,1.00
-12.73,236.22,0.00,1.00
-12.55,234.21,0.00,1.00
12.05,-69.14,0.00,1.00
13.70,-63.46,0.00,1.00
12.84,-67.31,0.00,1.00
13.46,-66.25,0.00,1.00
13.64,-63.16,0.00,1.00
11.96,-66.34,0.00,1.00
14.77,-65.01,0.00,1.00
11.10,-62.86,0.00,1.00
14.43,-66.40,0.00,1.00
11.26,-61.34,0.00,1.00
-176.55,-69.85,0.00,1.00
-176.39,-71.27,0.00,1.00
-176.26,-69.12,0.00,1.00
-176.04,-69.27,0.00,1.00
-175.44,-68.11,0.00,1.00
-176.47,-70.31,0.00,1.00
-174.22,-67.51,0.00,1.00
-173.99,-66.64,0.00,1.00
-173.07,-68.88,0.00,1.00
-175.59,-71.32,0.00,1.00
-208.32,-98.96,0.00,1.00
-214.08,-101.44,0.00,1.00
-210.29,-109.78,0.00,1.00
-211.99,-101.72,0.00,1.00
-215.77,-105.64,0.00,1.00
-213.19,-102.74,0.00,1.00
-214.63,-103.06,0.00,1.00
-213.75,-103.92,0.00,1.00
-214.98,-100.00,0.00,1.00
-209.76,-101.03,0.00,1.00
-198.03,-199.69,0.00,1.00
-202.87,-198.05,0.00,1.00
-198.51,-202.27,0.00,1.00
-199.19,-199.60,0.00,1.00
-199.87,-199.89,0.00,1.00
-196.92,-200.07,0.00,1.00
-202.45,-200.08,0.00,1.00
-198.37,-203.31,0.00,1.00
-198.01,-200.97,0.00,1.00
-195.68,-197.84,0.00,1.00
-112.90,-133.16,0.00,1.00
-112.58,-136.70,0.00,1.00
-112.36,-138.37,0.00,1.00
-110.20,-131.64,0.00,1.00
-107.88,-131.66,0.00,1.00
-108.44,-134.27,0.00,1.00
-111.67,-135.41,0.00,1.00
-110.30,-132.50,0.00,1.00
-113.16,-136.69,0.00,1.00
-110.25,-134.29,0.00,1.00
183.60,198.64,0.00,1.00
183.39,196.77,0.00,1.00
180.72,194.35,0.00,1.00
183.38,197.23,0.00,1.00
180.07,193.71,0.00,1.00
182.23,195.79,0.00,1.00
181.09,197.70,0.00,1.00
182.32,196.51,0.00,1.00
182.69,197.38,0.00,1.00
181.65,195.15,0.00,1.00
-170.03,-73.42,0.00,1.00
-172.76,-71.41,0.00,1.00
-169.79,-71.08,0.00,1.00
-170.95,-68.84,0.00,1.00
-169.93,-72.91,0.00,1.00
-170.40,-70.07,0.00,1.00
-169.18,-73.28,0.00,1.00
-165.98,-74.23,0.00,1.00
-170.87,-71.01,0.00,1.00
-174.19,-72.23,0.00,1.00
-88.65,171.52,0.00,1.00
-94.29,166.76,0.00,1.00
-95.02,167.94,0.00,1.00
-92.60,170.37,0.00,1.00
-91.41,171.15,0.00,1.00
-94.02,168.61,0.00,1.00
-91.12,168.63,0.00,1.00
-90.44,171.16,0.00,1.00
-91.83,165.17,0.00,1.00
-91.98,168.77,0.00,1.00
24.26,-144.37,0.00,1.00
23.22,-144.02,0.00,1.00
23.19,-139.16,0.00,1.00
24.45,-137.27,0.00,1.00
24.59,-140.06,0.00,1.00
23.40,-138.08,0.00,1.00
25.50,-139.66,0.00,1.00
24.39,-141.03,0.00,1.00
23.11,-138.48,0.00,1.00
22.92,-145.18,0.00,1.00
-65.53,161.58,0.00,1.00
-64.18,163.17,0.00,1.00
-64.84,163.14,0.00,1.00
-65.57,162.63,0.00,1.00
-66.16,161.59,0.00,1.00
-65.67,158.95,0.00,1.00
-63.11,160.40,0.00,1.00
-66.86,163.70,0.00,1.00
-63.43,163.52,0.00,1.00
-66.03,160.67,0.00,1.00
197.05,101.35,0.00,1.00
200.10,100.55,0.00,1.00
196.33,103.57,0.00,1.00
199.46,104.73,0.00,1.00
200.88,102.01,0.00,1.00
196.99,104.09,0.00,1.00
198.41,106.06,0.00,1.00
198.94,104.51,0.00,1.00
200.67,104.59,0.00,1.00
201.02,105.88,0.00,1.00
30.60,138.44,0.00,1.00
30.88,138.36,0.00,1.00
30.31,139.01,0.00,1.00
27.19,135.61,0.00,1.00
26.92,136.65,0.00,1.00
24.92,139.04,0.00,1.00
24.75,138.77,0.00,1.00
31.10,135.01,0.00,1.00
29.48,140.86,0.00,1.00
29.95,138.17,0.00,1.00
139.47,-17.89,0.00,1.00
142.11,-17.73,0.00,1.00
139.23,-21.57,0.00,1.00
139.98,-16.73,0.00,1.00
137.39,-19.57,0.00,1.00
140.35,-19.00,0.00,1.00
137.56,-20.05,0.00,1.00
141.04,-17.27,0.00,1.00
138.19,-19.12,0.00,1.00
142.60,-18.86,0.00,1.00
149.21,49.92,0.00,1.00
150.69,51.59,0.00,1.00
148.56,52.70,0.00,1.00
148.02,50.94,0.00,1.00
145.79,53.92,0.00,1.00
150.80,51.68,0.00,1.00
151.62,52.18,0.00,1.00
148.04,51.80,0.00,1.00
154.59,55.27,0.00,1.00
150.67,53.71,0.00,1.00
-238.28,-174.41,0.00,1.00
-237.92,-175.99,0.00,1.00
-240.67,-173.79,0.00,1.00
-239.93,-169.16,0.00,1.00
-239.69,-171.90,0.00,1.00
-240.77,-175.46,0.00,1.00
-242.41,-175.50,0.00,1.00
-240.28,-172.65,0.00,1.00
-239.78,-172.56,0.00,1.00
-240.14,-171.52,0.00,1.00
208.09,-202.03,0.00,1.00
211.67,-199.46,0.00,1.00
211.65,-200.73,0.00,1.00
212.44,-199.92,0.00,1.00
208.69,-195.99,0.00,1.00
212.44,-199.96,0.00,1.00
212.42,-198.24,0.00,1.00
215.41,-200.10,0.00,1.00
213.06,-199.52,0.00,1.00
211.50,-201.59,0.00,1.00
-154.36,-6.03,0.00,1.00
-153.14,-8.32,0.00,1.00
-152.03,-10.40,0.00,1.00
-153.07,-8.60,0.00,1.00
-155.84,-12.59,0.00,1.00
-153.57,-9.50,0.00,1.00
-153.96,-10.43,0.00,1.00
-153.41,-12.71,0.00,1.00
-148.07,-7.19,0.00,1.00
-151.90,-9.57,0.00,1.00
-109.19,34.19,0.00,1.00
-107.31,38.01,0.00,1.00
-109.29,35.49,0.00,1.00
-105.70,37.73,0.00,1.00
-106.72,34.07,0.00,1.00
-110.91,39.24,0.00,1.00
-109.23,33.49,0.00,1.00
-109.06,38.43,0.00,1.00
-110.43,39.60,0.00,1.00
-104.66,36.87,0.00,1.00
-202.55,11.20,0.00,1.00
-202.75,4.23,0.00,1.00
-199.32,2.26,0.00,1.00
-201.52,10.53,0.00,1.00
-202.58,10.05,0.00,1.00
-202.46,7.29,0.00,1.00
-201.33,6.14,0.00,1.00
-199.54,6.16,0.00,1.00
-202.79,5.14,0.00,1.00
-200.60,9.76,0.00,1.00
203.39,-99.22,0.00,1.00
201.64,-103.38,0.00,1.00
206.67,-102.18,0.00,1.00
203.22,-103.30,0.00,1.00
205.58,-104.95,0.00,1.00
203.90,-103.18,0.00,1.00
200.99,-98.77,0.00,1.00
200.45,-105.44,0.00,1.00
201.31,-98.84,0.00,1.00
203.36,-102.89,0.00,1.00
156.95,-46.89,0.00,1.00
155.33,-50.01,0.00,1.00
155.25,-42.64,0.00,1.00
156.48,-45.17,0.00,1.00
155.35,-47.09,0.00,1.00
154.29,-45.13,0.00,1.00
154.37,-48.12,0.00,1.00
152.33,-46.84,0.00,1.00
152.20,-48.39,0.00,1.00
155.85,-46.48,0.00,1.00
174.29,-17.46,0.00,1.00
173.00,-19.49,0.00,1.00
174.93,-20.14,0.00,1.00
173.03,-15.77,0.00,1.00
175.97,-19.53,0.00,1.00
175.34,-22.19,0.00,1.00
174.29,-21.39,0.00,1.00
174.18,-18.48,0.00,1.00
171.12,-20.84,0.00,1.00
175.73,-17.75,0.00,1.00
-70.19,71.62,0.00,1.00
-76.74,70.64,0.00,1.00
-71.56,70.82,0.00,1.00
-74.25,69.51,0.00,1.00
-73.01,64.95,0.00,1.00
-70.73,70.25,0.00,1.00
-73.08,68.46,0.00,1.00
-71.56,68.49,0.00,1.00
-74.97,62.86,0.00,1.00
-74.06,65.98,0.00,1.00
-52.01,34.34,0.00,1.00
-48.78,30.28,0.00,1.00
-46.19,28.27,0.00,1.00
-49.15,29.85,0.00,1.00
-45.86,30.27,0.00,1.00
-50.78,29.16,0.00,1.00
-50.90,31.47,0.00,1.00
-52.12,33.97,0.00,1.00
-50.48,33.05,0.00,1.00
-49.62,29.58,0.00,1.00
136.58,-214.44,0.00,1.00
135.35,-214.77,0.00,1.00
135.32,-216.67,0.00,1.00
132.28,-217.69,0.00,1.00
135.59,-217.99,0.00,1.00
130.91,-216.85,0.00,1.00
134.99,-217.34,0.00,1.00
130.31,-217.24,0.00,1.00
133.92,-217.74,0.00,1.00
135.94,-216.37,0.00,1.00
154.60,-193.86,0.00,1.00
156.93,-197.43,0.00,1.00
159.47,-191.55,0.00,1.00
156.92,-191.49,0.00,1.00
155.47,-191.26,0.00,1.00
155.75,-193.01,0.00,1.00
155.90,-195.91,0.00,1.00
152.86,-196.95,0.00,1.00
153.96,-196.47,0.00,1.00
155.53,-193.77,0.00,1.00
-3.96,207.07,0.00,1.00
0.01,212.38,0.00,1.00
0.78,207.35,0.00,1.00
-1.76,210.63,0.00,1.00
-0.31,210.82,0.00,1.00
1.77,209.98,0.00,1.00
-2.63,207.81,0.00,1.00
2.16,206.50,0.00,1.00
1.73,211.05,0.00,1.00
-0.42,209.63,0.00,1.00
75.83,131.53,0.00,1.00
80.78,127.15,0.00,1.00
80.45,127.58,0.00,1.00
76.61,127.94,0.00,1.00
77.81,127.21,0.00,1.00
78.54,130.89,0.00,1.00
80.84,128.90,0.00,1.00
79.45,129.03,0.00,1.00
77.70,126.09,0.00,1.00
77.87,127.84,0.00,1.00
127.27,-19.29,0.00,1.00
124.71,-16.03,0.00,1.00
123.05,-17.84,0.00,1.00
125.38,-17.50,0.00,1.00
124.88,-17.23,0.00,1.00
124.40,-15.28,0.00,1.00
127.79,-21.94,0.00,1.00
125.70,-23.23,0.00,1.00
124.72,-21.34,0.00,1.00
125.88,-17.55,0.00,1.00
-51.16,36.74,0.00,1.00
-47.11,40.18,0.00,1.00
-52.27,41.35,0.00,1.00
-48.92,41.10,0.00,1.00
-49.50,41.98,0.00,1.00
-51.05,39.76,0.00,1.00
-49.71,38.24,0.00,1.00
-54.37,39.49,0.00,1.00
-50.31,40.98,0.00,1.00
-52.50,41.50,0.00,1.00
65.67,181.76,0.00,1.00
67.91,178.56,0.00,1.00
63.09,175.32,0.00,1.00
64.09,178.12,0.00,1.00
62.93,178.68,0.00,1.00
62.42,177.04,0.00,1.00
65.12,175.95,0.00,1.00
64.27,177.25,0.00,1.00
64.15,179.98,0.00,1.00
67.22,181.18,0.00,1.00
-151.50,98.88,0.00,1.00
-147.86,100.46,0.00,1.00
-150.14,100.54,0.00,1.00
-152.95,101.04,0.00,1.00
-150.29,99.27,0.00,1.00
-152.06,102.74,0.00,1.00
-151.81,104.00,0.00,1.00
-150.64,103.07,0.00,1.00
-151.47,99.93,0.00,1.00
-152.09,101.52,0.00,1.00
208.43,149.43,0.00,1.00
209.59,144.78,0.00,1.00
209.82,147.91,0.00,1.00
211.63,146.82,0.00,1.00
212.43,148.71,0.00,1.00
210.98,149.11,0.00,1.00
208.66,149.14,0.00,1.00
208.90,149.88,0.00,1.00
207.68,148.20,0.00,1.00
208.03,147.07,0.00,1.00
-183.44,36.88,0.00,1.00
-181.47,36.88,0.00,1.00
-178.46,33.42,0.00,1.00
-181.33,37.04,0.00,1.00
-187.18,37.72,0.00,1.00
-183.40,35.57,0.00,1.00
-183.05,33.21,0.00,1.00
-181.04,36.91,0.00,1.00
-180.45,37.14,0.00,1.00
-181.05,33.39,0.00,1.00
-3.77,-13.28,0.00,1.00
-6.01,-13.52,0.00,1.00
-7.65,-16.79,0.00,1.00
-5.39,-18.57,0.00,1.00
-5.84,-15.53,0.00,1.00
-8.81,-16.55,0.00,1.00
-4.20,-18.68,0.00,1.00
-3.48,-18.71,0.00,1.00
-7.23,-11.40,0.00,1.00
-7.79,-12.36,0.00,1.00
-20.92,105.99,0.00,1.00
-21.49,110.49,0.00,1.00
-20.14,111.62,0.00,1.00
-19.47,111.96,0.00,1.00
-18.23,107.95,0.00,1.00
-19.48,107.55,0.00,1.00
-20.31,110.08,0.00,1.00
-18.71,109.71,0.00,1.00
-20.11,112.30,0.00,1.00
-18.32,109.43,0.00,1.00
-184.57,-168.73,0.00,1.00
-185.88,-170.57,0.00,1.00
-185.32,-170.23,0.00,1.00
-184.94,-166.67,0.00,1.00
-185.07,-170.53,0.00,1.00
-185.82,-172.88,0.00,1.00
-185.29,-167.79,0.00,1.00
-184.13,-166.47,0.00,1.00
-183.40,-167.40,0.00,1.00
-186.45,-168.05,0.00,1.00
37.51,-165.90,0.00,1.00
39.98,-167.86,0.00,1.00
38.24,-169.42,0.00,1.00
39.68,-174.34,0.00,1.00
39.84,-172.69,0.00,1.00
35.02,-169.59,0.00,1.00
41.91,-169.98,0.00,1.00
41.14,-170.76,0.00,1.00
38.48,-169.92,0.00,1.00
38.77,-165.32,0.00,1.00
196.31,-191.37,0.00,1.00
189.87,-185.27,0.00,1.00
193.38,-190.53,0.00,1.00
195.86,-190.85,0.00,1.00
197.22,-190.81,0.00,1.00
193.78,-189.59,0.00,1.00
196.08,-189.24,0.00,1.00
194.29,-187.15,0.00,1.00
192.73,-188.61,0.00,1.00
191.50,-189.45,0.00,1.00
-227.35,-52.73,0.00,1.00
-226.91,-51.70,0.00,1.00
-229.44,-51.37,0.00,1.00
-225.21,-54.69,0.00,1.00
-227.61,-47.03,0.00,1.00
-230.60,-49.56,0.00,1.00
-228.56,-49.48,0.00,1.00
-224.66,-50.09,0.00,1.00
-226.44,-49.48,0.00,1.00
-228.40,-55.15,0.00,1.00
-185.77,95.92,0.00,1.00
-189.26,97.44,0.00,1.00
-185.16,94.60,0.00,1.00
-186.26,97.00,0.00,1.00
-185.94,95.89,0.00,1.00
-186.59,98.15,0.00,1.00
-185.91,99.03,0.00,1.00
-187.76,97.45,0.00,1.00
-183.22,97.92,0.00,1.00
-182.33,98.14,0.00,1.00
-113.18,211.30,0.00,1.00
-117.84,210.92,0.00,1.00
-118.72,214.00,0.00,1.00
-118.41,213.64,0.00,1.00
-115.11,214.77,0.00,1.00
-117.25,211.11,0.00,1.00
-117.32,207.99,0.00,1.00
-119.39,211.67,0.00,1.00
-114.19,214.25,0.00,1.00
-113.42,207.23,0.00,1.00
-50.25,-189.59,0.00,1.00
-52.63,-186.62,0.00,1.00
-50.29,-188.21,0.00,1.00
-52.24,-186.28,0.00,1.00
-52.00,-189.19,0.00,1.00
-49.24,-186.09,0.00,1.00
-46.45,-183.59,0.00,1.00
-53.89,-188.44,0.00,1.00
-53.29,-187.06,0.00,1.00
-52.95,-186.74,0.00,1.00
-61.57,-61.27,0.00,1.00
-60.90,-62.43,0.00,1.00
-63.86,-60.90,0.00,1.00
-61.30,-60.03,0.00,1.00
-63.62,-58.83,0.00,1.00
-63.65,-60.99,0.00,1.00
-66.46,-60.67,0.00,1.00
-64.91,-55.49,0.00,1.00
-63.76,-59.74,0.00,1.00
-66.34,-60.41,0.00,1.00
5.58,-1.29,0.00,1.00
5.27,-3.25,0.00,1.00
3.50,-2.45,0.00,1.00
4.61,-2.36,0.00,1.00
8.34,-4.88,0.00,1.00
1.07,-0.17,0.00,1.00
10.53,0.77,0.00,1.00
9.30,-1.48,0.00,1.00
7.72,-4.62,0.00,1.00
3.99,-3.65,0.00,1.00
-167.88,-115.49,0.00,1.00
-163.60,-111.41,0.00,1.00
-168.79,-109.63,0.00,1.00
-164.15,-112.74,0.00,1.00
-164.02,-112.14,0.00,1.00
-164.16,-108.02,0.00,1.00
-171.30,-112.65,0.00,1.00
-166.20,-108.94,0.00,1.00
-161.56,-109.20,0.00,1.00
-163.97,-115.91,0.00,1.00
-10.14,-36.46,0.00,1.00
-10.72,-36.59,0.00,1.00
-12.54,-36.08,0.00,1.00
-13.60,-34.84,0.00,1.00
-9.04,-35.34,0.00,1.00
-14.84,-33.12,0.00,1.00
-16.50,-35.61,0.00,1.00
-10.71,-35.02,0.00,1.00
-12.91,-35.29,0.00,1.00
-12.07,-33.39,0.00,1.00
-136.39,-51.08,0.00,1.00
-138.21,-51.48,0.00,1.00
-136.39,-54.41,0.00,1.00
-135.62,-50.34,0.00,1.00
-135.37,-50.39,0.00,1.00
-138.89,-49.55,0.00,1.00
-134.70,-46.39,0.00,1.00
-139.65,-51.01,0.00,1.00
-137.68,-51.21,0.00,1.00
-138.12,-49.16,0.00,1.00
-62.09,-46.10,0.00,1.00
-65.53,-45.60,0.00,1.00
-60.96,-52.24,0.00,1.00
-62.92,-46.53,0.00,1.00
-62.68,-47.75,0.00,1.00
-63.05,-46.38,0.00,1.00
-59.25,-48.58,0.00,1.00
-61.01,-46.08,0.00,1.00
-61.32,-47.32,0.00,1.00
-59.75,-42.55,0.00,1.00
-239.08,218.90,0.00,1.00
-238.35,217.31,0.00,1.00
-239.56,216.51,0.00,1.00
-240.50,218.62,0.00,1.00
-236.77,217.76,0.00,1.00
-242.25,220.27,0.00,1.00
-240.68,215.27,0.00,1.00
-241.19,218.81,0.00,1.00
-239.62,219.66,0.00,1.00
-238.90,217.56,0.00,1.00
17.76,110.43,0.00,1.00
22.65,110.66,0.00,1.00
21.57,109.35,0.00,1.00
21.02,111.55,0.00,1.00
25.43,107.02,0.00,1.00
21.78,109.68,0.00,1.00
19.51,111.17,0.00,1.00
22.49,110.69,0.00,1.00
21.19,111.48,0.00,1.00
20.19,111.20,0.00,1.00
165.03,-214.06,0.00,1.00
171.22,-214.08,0.00,1.00
170.42,-211.16,0.00,1.00
168.63,-212.94,0.00,1.00
168.84,-215.51,0.00,1.00
164.53,-212.04,0.00,1.00
166.12,-213.19,0.00,1.00
167.20,-211.24,0.00,1.00
168.62,-213.09,0.00,1.00
167.20,-213.75,0.00,1.00
90.06,149.73,0.00,1.00
89.11,150.17,0.00,1.00
94.53,150.86,0.00,1.00
93.48,151.91,0.00,1.00
91.70,147.84,0.00,1.00
92.67,153.00,0.00,1.00
93.24,147.07,0.00,1.00
90.45,153.15,0.00,1.00
90.90,152.89,0.00,1.00
91.78,152.41,0.00,1.00
-44.57,93.35,0.00,1.00
-43.87,98.45,0.00,1.00
-44.75,95.65,0.00,1.00
-45.46,95.44,0.00,1.00
-43.30,97.49,0.00,1.00
-42.96,95.19,0.00,1.00
-44.69,96.43,0.00,1.00
-41.48,94.12,0.00,1.00
-46.92,96.70,0.00,1.00
-45.69,94.90,0.00,1.00
238.52,145.92,0.00,1.00
239.72,144.78,0.00,1.00
238.30,145.04,0.00,1.00
237.02,148.81,0.00,1.00
237.39,149.06,0.00,1.00
234.16,148.22,0.00,1.00
233.80,147.60,0.00,1.00
235.23,144.19,0.00,1.00
240.00,145.93,0.00,1.00
236.55,145.57,0.00,1.00
28.64,-85.70,0.00,1.00
32.67,-80.93,0.00,1.00
33.66,-86.39,0.00,1.00
30.39,-88.25,0.00,1.00
27.85,-85.35,0.00,1.00
33.40,-84.97,0.00,1.00
28.92,-88.20,0.00,1.00
27.07,-84.35,0.00,1.00
29.36,-84.02,0.00,1.00
28.38,-85.25,0.00,1.00
-202.19,-96.73,0.00,1.00
-200.01,-87.87,0.00,1.00
-201.23,-95.90,0.00,1.00
-202.07,-90.70,0.00,1.00
-202.20,-91.99,0.00,1.00
-199.56,-94.84,0.00,1.00
-199.65,-98.09,0.00,1.00
-203.59,-96.31,0.00,1.00
-200.84,-94.02,0.00,1.00
-198.57,-91.80,0.00,1.00
-183.71,105.56,0.00,1.00
-185.97,100.89,0.00,1.00
-180.86,105.51,0.00,1.00
-185.12,104.81,0.00,1.00
-183.67,105.61,0.00,1.00
-185.27,101.92,0.00,1.00
-188.45,106.30,0.00,1.00
-184.85,104.14,0.00,1.00
-182.21,104.18,0.00,1.00
-186.94,106.12,0.00,1.00
-117.00,179.47,0.00,1.00
-117.75,183.41,0.00,1.00
-118.37,178.24,0.00,1.00
-120.26,181.30,0.00,1.00
-119.34,181.30,0.00,1.00
-118.35,181.80,0.00,1.00
-119.70,181.78,0.00,1.00
-119.62,177.36,0.00,1.00
-121.07,178.67,0.00,1.00
-117.96,178.97,0.00,1.00
104.54,-42.08,0.00,1.00
104.91,-38.63,0.00,1.00
102.45,-41.04,0.00,1.00
102.12,-39.35,0.00,1.00
102.14,-39.88,0.00,1.00
102.48,-42.13,0.00,1.00
101.49,-42.88,0.00,1.00
99.32,-38.78,0.00,1.00
100.33,-39.00,0.00,1.00
100.46,-41.25,0.00,1.00
131.37,121.12,0.00,1.00
134.34,121.40,0.00,1.00
130.61,118.91,0.00,1.00
132.46,121.14,0.00,1.00
131.53,120.42,0.00,1.00
131.63,119.22,0.00,1.00
131.49,116.30,0.00,1.00
128.74,116.85,0.00,1.00
130.86,118.63,0.00,1.00
131.36,122.95,0.00,1.00
217.37,233.88,0.00,1.00
219.13,234.54,0.00,1.00
216.71,228.67,0.00,1.00
218.28,232.35,0.00,1.00
218.42,234.79,0.00,1.00
215.01,228.80,0.00,1.00
216.08,232.60,0.00,1.00
218.71,231.99,0.00,1.00
218.28,232.63,0.00,1.00
219.21,235.63,0.00,1.00
22.28,-18.37,0.00,1.00
21.19,-18.82,0.00,1.00
19.10,-15.93,0.00,1.00
23.00,-17.01,0.00,1.00
19.54,-20.17,0.00,1.00
21.39,-16.15,0.00,1.00
18.89,-21.26,0.00,1.00
18.47,-18.92,0.00,1.00
19.62,-19.41,0.00,1.00
21.39,-20.05,0.00,1.00
188.03,-35.63,0.00,1.00
193.65,-39.08,0.00,1.00
190.18,-35.69,0.00,1.00
190.18,-35.78,0.00,1.00
193.07,-37.78,0.00,1.00
191.56,-34.43,0.00,1.00
188.89,-37.40,0.00,1.00
187.72,-35.17,0.00,1.00
187.90,-37.85,0.00,1.00
192.75,-41.94,0.00,1.00
-66.69,-31.65,0.00,1.00
-70.31,-32.77,0.00,1.00
-68.31,-34.94,0.00,1.00
-64.57,-33.78,0.00,1.00
-64.34,-33.83,0.00,1.00
-66.56,-34.99,0.00,1.00
-68.40,-31.84,0.00,1.00
-69.09,-30.96,0.00,1.00
-68.14,-33.16,0.00,1.00
-66.12,-29.64,0.00,1.00
230.70,144.33,0.00,1.00
231.89,146.25,0.00,1.00
231.48,143.14,0.00,1.00
229.25,141.65,0.00,1.00
229.81,139.93,0.00,1.00
232.01,141.97,0.00,1.00
231.99,144.27,0.00,1.00
225.71,144.15,0.00,1.00
235.57,148.63,0.00,1.00
229.81,147.92,0.00,1.00
118.16,14.42,0.00,1.00
117.55,14.48,0.00,1.00
121.96,9.81,0.00,1.00
119.05,12.59,0.00,1.00
120.98,6.79,0.00,1.00
120.73,11.25,0.00,1.00
122.06,13.19,0.00,1.00
119.02,14.75,0.00,1.00
120.20,14.27,0.00,1.00
118.66,11.20,0.00,1.00
-189.43,-200.29,0.00,1.00
-189.13,-203.15,0.00,1.00
-184.91,-200.82,0.00,1.00
-188.41,-198.23,0.00,1.00
-189.48,-199.67,0.00,1.00
-187.96,-200.86,0.00,1.00
-188.73,-200.46,0.00,1.00
-187.00,-197.63,0.00,1.00
-187.45,-200.50,0.00,1.00
-192.09,-200.50,0.00,1.00
-126.09,99.72,0.00,1.00
-122.49,99.51,0.00,1.00
-126.56,106.60,0.00,1.00
-127.50,104.65,0.00,1.00
-125.05,101.92,0.00,1.00
-124.71,99.11,0.00,1.00
-126.94,101.64,0.00,1.00
-124.55,102.28,0.00,1.00
-128.72,103.85,0.00,1.00
-128.72,100.50,0.00,1.00
-216.15,-2.88,0.00,1.00
-216.11,-6.09,0.00,1.00
-212.46,-9.15,0.00,1.00
-211.94,-3.62,0.00,1.00
-211.23,-8.46,0.00,1.00
-212.25,-3.97,0.00,1.00
-214.92,-4.80,0.00,1.00
-216.53,-4.13,0.00,1.00
-215.53,-10.01,0.00,1.00
-213.09,-7.65,0.00,1.00
70.00,-11.08,0.00,1.00
64.66,-10.47,0.00,1.00
72.49,-7.70,0.00,1.00
66.36,-10.04,0.00,1.00
66.71,-8.90,0.00,1.00
70.13,-13.86,0.00,1.00
67.72,-9.51,0.00,1.00
70.23,-10.65,0.00,1.00
72.04,-11.49,0.00,1.00
65.64,-11.74,0.00,1.00
167.12,-226.56,0.00,1.00
164.66,-230.98,0.00,1.00
162.71,-233.18,0.00,1.00
163.32,-227.30,0.00,1.00
162.30,-225.72,0.00,1.00
165.88,-227.97,0.00,1.00
165.66,-227.00,0.00,1.00
164.24,-229.13,0.00,1.00
169.77,-224.22,0.00,1.00
165.41,-227.90,0.00,1.00
-22.79,-199.84,0.00,1.00
-23.00,-201.30,0.00,1.00
-18.16,-204.23,0.00,1.00
-21.18,-206.13,0.00,1.00
-17.10,-200.34,0.00,1.00
-20.52,-202.39,0.00,1.00
-20.47,-203.06,0.00,1.00
-20.13,-201.16,0.00,1.00
-19.17,-204.18,0.00,1.00
-19.14,-198.44,0.00,1.00
-116.51,174.32,0.00,1.00
-117.82,177.79,0.00,1.00
-118.93,176.53,0.00,1.00
-117.43,175.89,0.00,1.00
-118.66,174.41,0.00,1.00
-119.17,172.53,0.00,1.00
-117.26,178.61,0.00,1.00
-119.34,176.38,0.00,1.00
-120.41,172.66,0.00,1.00
-121.08,173.97,0.00,1.00
155.93,-56.55,0.00,1.00
153.00,-52.71,0.00,1.00
150.86,-54.57,0.00,1.00
152.79,-57.69,0.00,1.00
150.49,-59.78,0.00,1.00
154.09,-57.85,0.00,1.00
156.56,-58.51,0.00,1.00
151.71,-60.86,0.00,1.00
151.62,-63.28,0.00,1.00
153.34,-55.58,0.00,1.00
-163.24,117.60,0.00,1.00
-165.20,116.55,0.00,1.00
-160.56,111.30,0.00,1.00
-163.81,113.30,0.00,1.00
-162.57,111.89,0.00,1.00
-165.18,114.31,0.00,1.00
-163.01,113.31,0.00,1.00
-160.77,112.10,0.00,1.00
-164.96,111.03,0.00,1.00
-163.22,111.14,0.00,1.00
40.89,20.10,0.00,1.00
46.80,19.47,0.00,1.00
44.55,22.82,0.00,1.00
45.00,19.83,0.00,1.00
46.47,21.86,0.00,1.00
43.13,16.09,0.00,1.00
43.55,22.55,0.00,1.00
43.01,20.53,0.00,1.00
48.42,20.69,0.00,1.00
48.98,18.99,0.00,1.00
-98.00,108.83,0.00,1.00
-96.92,112.77,0.00,1.00
-99.45,111.32,0.00,1.00
-96.98,114.96,0.00,1.00
-98.62,112.63,0.00,1.00
-98.12,113.70,0.00,1.00
-99.35,112.53,0.00,1.00
-100.09,110.45,0.00,1.00
-96.33,117.80,0.00,1.00
-100.80,115.88,0.00,1.00
-35.30,185.64,0.00,1.00
-36.82,189.14,0.00,1.00
-38.49,186.14,0.00,1.00
-38.92,184.30,0.00,1.00
-34.91,185.02,0.00,1.00
-39.66,183.43,0.00,1.00
-36.29,187.08,0.00,1.00
-37.62,184.59,0.00,1.00
-34.88,183.31,0.00,1.00
-41.20,186.20,0.00,1.00
-127.38,-54.12,0.00,1.00
-127.30,-51.55,0.00,1.00
-127.71,-50.79,0.00,1.00
-124.60,-53.64,0.00,1.00
-129.17,-53.89,0.00,1.00
-124.21,-51.69,0.00,1.00
-127.53,-53.85,0.00,1.00
-126.92,-53.18,0.00,1.00
-126.82,-53.36,0.00,1.00
-124.29,-49.46,0.00,1.00
-79.79,-90.02,0.00,1.00
-74.46,-91.48,0.00,1.00
-75.51,-92.81,0.00,1.00
-76.60,-87.53,0.00,1.00
-78.64,-93.76,0.00,1.00
-78.78,-89.34,0.00,1.00
-80.59,-91.37,0.00,1.00
-77.20,-89.10,0.00,1.00
-78.17,-89.77,0.00,1.00
-75.46,-91.23,0.00,1.00
165.18,-93.68,0.00,1.00
165.91,-93.00,0.00,1.00
165.58,-93.02,0.00,1.00
165.57,-95.93,0.00,1.00
166.26,-95.94,0.00,1.00
165.57,-95.25,0.00,1.00
165.49,-93.63,0.00,1.00
163.72,-94.29,0.00,1.00
165.12,-95.64,0.00,1.00
170.59,-95.23,0.00,1.00
-138.08,212.68,0.00,1.00
-136.50,213.57,0.00,1.00
-138.05,213.14,0.00,1.00
-136.10,211.95,0.00,1.00
-138.74,210.61,0.00,1.00
-135.88,213.52,0.00,1.00
-135.29,213.68,0.00,1.00
-135.42,213.31,0.00,1.00
-137.72,214.26,0.00,1.00
-140.62,215.17,0.00,1.00
-8.20,-15.29,0.00,1.00
-6.47,-13.10,0.00,1.00
-9.27,-14.08,0.00,1.00
-6.74,-15.08,0.00,1.00
-4.88,-12.65,0.00,1.00
-3.84,-16.07,0.00,1.00
-4.80,-14.20,0.00,1.00
-7.41,-12.90,0.00,1.00
-6.86,-16.13,0.00,1.00
-7.73,-18.60,0.00,1.00
68.72,-210.24,0.00,1.00
68.04,-212.46,0.00,1.00
67.92,-208.01,0.00,1.00
67.45,-209.34,0.00,1.00
63.69,-214.03,0.00,1.00
67.27,-207.34,0.00,1.00
66.10,-210.79,0.00,1.00
68.40,-209.95,0.00,1.00
69.62,-210.36,0.00,1.00
64.09,-210.69,0.00,1.00
-172.21,-124.66,0.00,1.00
-169.98,-128.72,0.00,1.00
-172.19,-126.20,0.00,1.00
-168.84,-129.52,0.00,1.00
-171.32,-125.11,0.00,1.00
-167.13,-127.06,0.00,1.00
-168.71,-126.49,0.00,1.00
-168.87,-126.80,0.00,1.00
-171.92,-128.36,0.00,1.00
-174.81,-127.05,0.00,1.00
129.90,20.72,0.00,1.00
131.87,19.19,0.00,1.00
130.46,19.72,0.00,1.00
133.27,23.78,0.00,1.00
133.54,21.42,0.00,1.00
134.40,19.11,0.00,1.00
127.82,23.87,0.00,1.00
130.72,16.11,0.00,1.00
134.83,23.62,0.00,1.00
134.78,18.32,0.00,1.00
-170.39,77.17,0.00,1.00
-174.39,75.72,0.00,1.00
-170.83,77.88,0.00,1.00
-172.53,78.46,0.00,1.00
-174.02,76.73,0.00,1.00
-173.04,75.88,0.00,1.00
-171.44,77.06,0.00,1.00
-171.45,74.93,0.00,1.00
-170.25,74.94,0.00,1.00
-170.84,77.51,0.00,1.00
58.78,60.78,0.00,1.00
60.02,62.85,0.00,1.00
57.83,64.26,0.00,1.00
60.69,66.85,0.00,1.00
57.93,69.07,0.00,1.00
60.43,67.04,0.00,1.00
61.67,64.62,0.00,1.00
58.88,62.98,0.00,1.00
57.98,66.21,0.00,1.00
59.23,62.78,0.00,1.00
-47.77,-150.93,0.00,1.00
-49.09,-149.52,0.00,1.00
-47.94,-151.77,0.00,1.00
-50.91,-150.02,0.00,1.00
-54.03,-148.22,0.00,1.00
-49.50,-151.56,0.00,1.00
-52.18,-146.93,0.00,1.00
-47.80,-147.81,0.00,1.00
-50.98,-148.28,0.00,1.00
-50.80,-148.24,0.00,1.00
-145.33,-157.45,0.00,1.00
-142.75,-156.06,0.00,1.00
-140.18,-153.61,0.00,1.00
-144.49,-154.15,0.00,1.00
-140.66,-154.48,0.00,1.00
-144.48,-158.09,0.00,1.00
-141.87,-157.06,0.00,1.00
-144.88,-153.62,0.00,1.00
-140.82,-155.48,0.00,1.00
-141.11,-157.90,0.00,1.00
-123.70,189.57,0.00,1.00
-128.19,188.18,0.00,1.00
-131.41,191.83,0.00,1.00
-127.18,188.13,0.00,1.00
-127.30,190.92,0.00,1.00
-127.93,190.52,0.00,1.00
-128.62,191.58,0.00,1.00
-131.36,193.94,0.00,1.00
-129.69,191.61,0.00,1.00
-127.40,194.00,0.00,1.00
-145.68,-65.05,0.00,1.00
-148.96,-60.22,0.00,1.00
-149.68,-60.79,0.00,1.00
-146.73,-63.19,0.00,1.00
-148.22,-64.49,0.00,1.00
-149.75,-63.19,0.00,1.00
-147.25,-62.47,0.00,1.00
-148.03,-59.04,0.00,1.00
-147.30,-64.32,0.00,1.00
-148.54,-64.54,0.00,1.00
-33.92,146.69,0.00,1.00
-37.08,145.95,0.00,1.00
-32.73,148.92,0.00,1.00
-33.44,146.56,0.00,1.00
-33.40,147.41,0.00,1.00
-35.01,146.89,0.00,1.00
-32.07,150.52,0.00,1.00
-34.11,149.91,0.00,1.00
-33.41,145.67,0.00,1.00
-33.93,153.04,0.00,1.00
-197.62,-23.47,0.00,1.00
-199.10,-24.33,0.00,1.00
-204.37,-22.81,0.00,1.00
-200.50,-24.75,0.00,1.00
-200.27,-22.51,0.00,1.00
-202.68,-23.85,0.00,1.00
-199.99,-23.58,0.00,1.00
-202.70,-23.66,0.00,1.00
-198.50,-24.76,0.00,1.00
-201.43,-22.10,0.00,1.00
10.26,50.74,0.00,1.00
-55.76,-62.13,0.00,1.00
169.10,-222.37,0.00,1.00
-31.99,143.42,0.00,1.00
49.45,197.89,0.00,1.00
186.31,204.62,0.00,1.00
17.32,-80.25,0.00,1.00
-8.30,-9.68,0.00,1.00
122.49,160.45,0.00,1.00
-99.74,-25.76,0.00,1.00
-74.33,134.19,0.00,1.00
13.09,-18.64,0.00,1.00
-21.55,156.00,0.00,1.00
216.16,75.96,0.00,1.00
100.31,176.52,0.00,1.00
-71.49,186.38,0.00,1.00
134.26,-81.13,0.00,1.00
-106.20,140.26,0.00,1.00
-189.00,-60.64,0.00,1.00
-52.42,-211.49,0.00,1.00
191.79,-24.91,0.00,1.00
149.52,-194.93,0.00,1.00
47.98,-117.90,0.00,1.00
124.59,-105.34,0.00,1.00
-59.38,-191.11,0.00,1.00
-170.80,-91.85,0.00,1.00
129.68,-33.14,0.00,1.00
-8.36,134.31,0.00,1.00
167.57,110.65,0.00,1.00
-152.93,83.42,0.00,1.00
-140.70,12.58,0.00,1.00
-100.20,-196.23,0.00,1.00
50.91,-200.95,0.00,1.00
149.79,29.34,0.00,1.00
69.80,-177.55,0.00,1.00
-159.81,-59.97,0.00,1.00
187.31,-41.88,0.00,1.00
-202.18,-29.63,0.00,1.00
212.66,-107.58,0.00,1.00
-25.69,-85.49,0.00,1.00
-47.36,-39.13,0.00,1.00
55.29,172.59,0.00,1.00
170.00,204.50,0.00,1.00
198.74,-120.80,0.00,1.00
124.34,15.23,0.00,1.00
185.01,165.40,0.00,1.00
52.20,214.75,0.00,1.00
69.76,-197.01,0.00,1.00
-209.52,74.84,0.00,1.00
138.69,-144.91,0.00,1.00
-58.27,-104.86,0.00,1.00
-175.96,-208.00,0.00,1.00
-89.11,48.83,0.00,1.00
-23.21,90.34,0.00,1.00
88.00,216.54,0.00,1.00
62.96,99.46,0.00,1.00
107.93,186.35,0.00,1.00
-171.15,-111.61,0.00,1.00
-148.34,-10.50,0.00,1.00
-23.11,-130.05,0.00,1.00
-195.09,123.54,0.00,1.00
-0.75,-228.71,0.00,1.00
221.78,-155.15,0.00,1.00
-135.10,-191.50,0.00,1.00
128.51,67.20,0.00,1.00
-144.20,29.89,0.00,1.00
221.07,162.46,0.00,1.00
78.45,121.99,0.00,1.00
-136.43,-93.81,0.00,1.00
27.27,-228.42,0.00,1.00
38.96,-88.62,0.00,1.00
87.67,-167.47,0.00,1.00
213.22,163.96,0.00,1.00
-40.60,-192.04,0.00,1.00
180.77,-8.02,0.00,1.00
-196.52,219.66,0.00,1.00
56.25,-55.91,0.00,1.00
-157.21,229.17,0.00,1.00
115.34,-59.27,0.00,1.00
123.35,-130.76,0.00,1.00
41.17,163.43,0.00,1.00
-165.53,-36.25,0.00,1.00
-33.13,-90.94,0.00,1.00
4.55,228.94,0.00,1.00
-6.37,126.21,0.00,1.00
198.67,183.94,0.00,1.00
-3.25,-189.82,0.00,1.00
-134.40,84.45,0.00,1.00
-196.07,-1.96,0.00,1.00
157.55,28.23,0.00,1.00
-95.66,-223.01,0.00,1.00
26.79,-78.91,0.00,1.00
35.30,124.57,0.00,1.00
-67.31,49.33,0.00,1.00
10.27,-47.59,0.00,1.00
184.39,202.60,0.00,1.00
97.01,111.03,0.00,1.00
229.22,-142.80,0.00,1.00
-105.88,22.31,0.00,1.00
-119.60,27.65,0.00,1.00
