101.51,-9.05,0.00,1.00
-77.03,-216.49,0.00,1.00
104.89,171.12,0.00,1.00
126.86,-139.57,0.00,1.00
-19.66,-101.65,0.00,1.00
-101.00,-16.57,0.00,1.00
-205.99,-27.16,0.00,1.00
13.98,-107.73,0.00,1.00
150.54,155.12,0.00,1.00
-99.20,19.07,0.00,1.00
-86.99,33.12,0.00,1.00
96.46,-44.57,0.00,1.00
-65.63,-117.21,0.00,1.00
-94.27,40.22,0.00,1.00
-82.10,30.65,0.00,1.00
2.40,-119.99,0.00,1.00
-113.56,184.91,0.00,1.00
45.44,-79.44,0.00,1.00
-72.72,94.37,0.00,1.00
-98.79,52.23,0.00,1.00
61.41,-72.11,0.00,1.00
137.60,-151.60,0.00,1.00
-57.47,-88.55,0.00,1.00
-94.82,-62.97,0.00,1.00
7.10,-88.55,0.00,1.00
18.09,-92.88,0.00,1.00
-165.86,141.37,0.00,1.00
187.56,-19.35,0.00,1.00
-87.83,-49.24,0.00,1.00
-8.55,86.41,0.00,1.00
70.45,-54.80,0.00,1.00
-8.55,-105.50,0.00,1.00
-87.44,40.40,0.00,1.00
34.13,97.92,0.00,1.00
-189.58,-73.12,0.00,1.00
175.03,-120.51,0.00,1.00
-190.35,-69.94,0.00,1.00
-29.56,123.68,0.00,1.00
147.08,116.14,0.00,1.00
191.60,50.33,0.00,1.00
133.80,-181.91,0.00,1.00
-117.65,8.70,0.00,1.00
-11.14,-113.14,0.00,1.00
-195.58,79.76,0.00,1.00
-80.35,82.00,0.00,1.00
147.45,-137.41,0.00,1.00
207.22,1.27,0.00,1.00
92.53,-54.39,0.00,1.00
-85.00,-60.47,0.00,1.00
91.33,179.70,0.00,1.00
-190.26,41.24,0.00,1.00
202.89,-39.23,0.00,1.00
149.74,-136.78,0.00,1.00
80.90,-36.65,0.00,1.00
-209.73,100.05,0.00,1.00
-15.17,-220.00,0.00,1.00
60.48,166.91,0.00,1.00
-99.67,-50.89,0.00,1.00
192.67,-61.95,0.00,1.00
9.90,-202.17,0.00,1.00
104.14,18.67,0.00,1.00
122.08,150.00,0.00,1.00
-116.27,5.40,0.00,1.00
-105.14,30.26,0.00,1.00
-90.14,26.48,0.00,1.00
-146.04,-139.15,0.00,1.00
-205.83,38.29,0.00,1.00
-94.07,-48.94,0.00,1.00
13.87,-207.15,0.00,1.00
-203.10,-91.44,0.00,1.00
33.05,95.04,0.00,1.00
86.20,49.59,0.00,1.00
81.84,62.55,0.00,1.00
-110.31,26.72,0.00,1.00
-197.21,39.99,0.00,1.00
-105.52,44.54,0.00,1.00
-58.03,-201.05,0.00,1.00
105.65,-172.49,0.00,1.00
48.30,195.95,0.00,1.00
53.69,-105.42,0.00,1.00
78.81,-40.16,0.00,1.00
43.87,-81.61,0.00,1.00
-43.26,92.13,0.00,1.00
-3.70,86.93,0.00,1.00
70.90,67.20,0.00,1.00
-1.87,-215.82,0.00,1.00
88.07,60.66,0.00,1.00
-92.17,-55.93,0.00,1.00
-88.19,192.59,0.00,1.00
65.07,85.81,0.00,1.00
-207.20,-78.26,0.00,1.00
188.00,-66.94,0.00,1.00
-205.87,13.11,0.00,1.00
-205.57,-23.05,0.00,1.00
78.76,-72.09,0.00,1.00
-49.79,109.01,0.00,1.00
88.49,45.37,0.00,1.00
175.88,-22.73,0.00,1.00
-87.69,66.32,0.00,1.00
109.30,-11.65,0.00,1.00
-183.15,-76.22,0.00,1.00
187.31,88.22,0.00,1.00
171.86,-103.82,0.00,1.00
-95.09,23.20,0.00,1.00
-39.26,-230.00,0.00,1.00
8.03,111.61,0.00,1.00
37.13,-201.10,0.00,1.00
-43.71,83.52,0.00,1.00
-74.02,-91.23,0.00,1.00
140.39,-142.94,0.00,1.00
104.91,-155.47,0.00,1.00
-32.31,-108.22,0.00,1.00
-159.20,-117.63,0.00,1.00
171.86,110.56,0.00,1.00
85.46,18.89,0.00,1.00
140.76,-120.76,0.00,1.00
-52.85,186.76,0.00,1.00
-44.15,219.19,0.00,1.00
146.12,135.62,0.00,1.00
-206.99,-31.21,0.00,1.00
200.30,42.75,0.00,1.00
-121.80,-161.77,0.00,1.00
-86.57,-56.65,0.00,1.00
-75.16,-207.34,0.00,1.00
-196.00,-74.47,0.00,1.00
-187.29,105.45,0.00,1.00
-104.45,6.44,0.00,1.00
47.96,-98.11,0.00,1.00
-42.79,102.58,0.00,1.00
126.15,149.58,0.00,1.00
187.58,-106.75,0.00,1.00
52.55,-93.39,0.00,1.00
58.07,-29.74,0.00,1.00
192.04,5.65,0.00,1.00
57.38,-77.73,0.00,1.00
-76.82,-184.33,0.00,1.00
-13.68,209.92,0.00,1.00
69.77,-54.24,0.00,1.00
-20.47,-217.22,0.00,1.00
180.31,-98.90,0.00,1.00
124.09,-177.96,0.00,1.00
132.30,-135.05,0.00,1.00
2.67,111.82,0.00,1.00
-6.62,109.52,0.00,1.00
161.96,-73.55,0.00,1.00
-79.62,-63.07,0.00,1.00
-196.27,41.28,0.00,1.00
122.16,-163.47,0.00,1.00
8.07,105.40,0.00,1.00
-99.98,4.49,0.00,1.00
116.15,-157.07,0.00,1.00
-67.04,64.41,0.00,1.00
77.15,65.83,0.00,1.00
-3.65,208.21,0.00,1.00
178.02,-114.85,0.00,1.00
203.12,-34.52,0.00,1.00
85.54,42.97,0.00,1.00
-201.25,66.67,0.00,1.00
168.09,113.35,0.00,1.00
20.90,-97.95,0.00,1.00
184.43,-82.93,0.00,1.00
-27.79,201.68,0.00,1.00
-80.26,-56.74,0.00,1.00
176.58,-39.94,0.00,1.00
151.76,119.11,0.00,1.00
-59.42,-91.14,0.00,1.00
-106.49,-18.88,0.00,1.00
-31.68,-212.13,0.00,1.00
-12.08,-107.21,0.00,1.00
-201.08,32.93,0.00,1.00
-113.19,-33.48,0.00,1.00
-92.69,-6.19,0.00,1.00
57.58,169.94,0.00,1.00
-14.09,119.11,0.00,1.00
-176.02,-113.07,0.00,1.00
-84.97,-181.68,0.00,1.00
29.83,-208.74,0.00,1.00
-8.02,-102.59,0.00,1.00
77.56,56.77,0.00,1.00
-201.76,4.71,0.00,1.00
55.31,-196.76,0.00,1.00
-175.96,-59.18,0.00,1.00
88.69,50.35,0.00,1.00
173.36,-106.30,0.00,1.00
162.10,92.95,0.00,1.00
-201.45,-27.70,0.00,1.00
88.33,65.57,0.00,1.00
39.97,-112.22,0.00,1.00
77.16,-50.21,0.00,1.00
-93.39,33.92,0.00,1.00
160.64,130.65,0.00,1.00
96.49,-3.70,0.00,1.00
-118.97,60.57,0.00,1.00
-90.81,-63.53,0.00,1.00
-0.11,200.55,0.00,1.00
-85.00,-24.32,0.00,1.00
148.31,164.26,0.00,1.00
100.42,6.30,0.00,1.00
-143.85,146.42,0.00,1.00
78.23,-30.41,0.00,1.00
-47.45,86.13,0.00,1.00
99.29,-154.21,0.00,1.00
-90.55,65.51,0.00,1.00
-33.86,202.67,0.00,1.00
-73.31,-199.88,0.00,1.00
-14.30,110.30,0.00,1.00
-5.68,116.51,0.00,1.00
-10.56,-118.51,0.00,1.00
97.91,-194.29,0.00,1.00
-41.82,-112.92,0.00,1.00
78.16,-82.36,0.00,1.00
86.35,-61.61,0.00,1.00
19.47,209.02,0.00,1.00
-114.54,-41.43,0.00,1.00
-32.01,-104.73,0.00,1.00
84.00,-58.16,0.00,1.00
95.65,48.96,0.00,1.00
85.92,-172.51,0.00,1.00
-101.37,162.42,0.00,1.00
-10.37,114.03,0.00,1.00
70.72,57.81,0.00,1.00
-107.51,162.31,0.00,1.00
193.01,77.14,0.00,1.00
-11.22,93.37,0.00,1.00
-82.10,49.08,0.00,1.00
-121.14,-160.50,0.00,1.00
67.21,-202.23,0.00,1.00
-172.66,107.22,0.00,1.00
14.85,212.48,0.00,1.00
-103.48,-86.33,0.00,1.00
-49.61,-90.72,0.00,1.00
160.04,115.88,0.00,1.00
93.43,-183.86,0.00,1.00
59.96,-89.16,0.00,1.00
-80.25,-203.23,0.00,1.00
-135.56,169.82,0.00,1.00
-98.58,44.56,0.00,1.00
46.92,81.79,0.00,1.00
86.23,24.57,0.00,1.00
197.05,-30.29,0.00,1.00
-58.77,74.32,0.00,1.00
-84.52,87.81,0.00,1.00
63.49,-82.96,0.00,1.00
-86.61,35.91,0.00,1.00
-67.98,207.03,0.00,1.00
22.18,-97.66,0.00,1.00
19.82,95.15,0.00,1.00
-34.68,224.16,0.00,1.00
-133.16,159.39,0.00,1.00
76.79,44.43,0.00,1.00
92.71,-29.67,0.00,1.00
38.37,86.05,0.00,1.00
-113.19,-183.35,0.00,1.00
81.69,-45.20,0.00,1.00
99.04,58.21,0.00,1.00
-143.03,-129.34,0.00,1.00
5.81,108.92,0.00,1.00
45.97,84.73,0.00,1.00
121.95,173.24,0.00,1.00
-17.88,-111.24,0.00,1.00
-207.24,15.40,0.00,1.00
50.25,60.12,0.00,1.00
138.25,141.03,0.00,1.00
79.57,18.04,0.00,1.00
48.78,-89.11,0.00,1.00
10.97,-125.79,0.00,1.00
30.07,219.12,0.00,1.00
13.13,-90.38,0.00,1.00
64.39,-42.82,0.00,1.00
94.41,-17.31,0.00,1.00
80.87,39.10,0.00,1.00
-68.64,82.48,0.00,1.00
158.88,-94.60,0.00,1.00
98.58,16.61,0.00,1.00
85.93,14.29,0.00,1.00
9.02,-123.05,0.00,1.00
126.75,-162.83,0.00,1.00
7.77,-119.33,0.00,1.00
-81.16,193.96,0.00,1.00
-203.68,52.24,0.00,1.00
-9.55,120.37,0.00,1.00
-147.63,159.46,0.00,1.00
1.62,102.34,0.00,1.00
89.99,-47.68,0.00,1.00
-114.83,175.65,0.00,1.00
11.95,-203.91,0.00,1.00
-16.20,106.39,0.00,1.00
-10.14,-224.32,0.00,1.00
35.64,84.27,0.00,1.00
104.90,180.82,0.00,1.00
121.75,156.66,0.00,1.00
-84.78,-42.34,0.00,1.00
57.67,72.10,0.00,1.00
18.98,120.84,0.00,1.00
80.19,-75.62,0.00,1.00
75.81,196.65,0.00,1.00
-208.17,-21.19,0.00,1.00
-89.63,57.82,0.00,1.00
72.75,-62.79,0.00,1.00
-100.80,1.17,0.00,1.00
188.32,-35.52,0.00,1.00
204.32,-30.33,0.00,1.00
-68.40,41.52,0.00,1.00
-192.63,52.70,0.00,1.00
-106.67,-48.38,0.00,1.00
-74.78,-64.05,0.00,1.00
-201.33,-73.46,0.00,1.00
-22.38,97.91,0.00,1.00
87.51,-163.24,0.00,1.00
140.77,145.61,0.00,1.00
-64.04,198.45,0.00,1.00
53.75,-67.55,0.00,1.00
-44.84,-203.18,0.00,1.00
-66.32,-94.92,0.00,1.00
-94.77,-24.92,0.00,1.00
-120.43,-19.01,0.00,1.00
41.32,89.58,0.00,1.00
-96.70,46.55,0.00,1.00
-108.28,-21.01,0.00,1.00
-67.22,-197.51,0.00,1.00
-20.83,-184.19,0.00,1.00
-60.54,97.06,0.00,1.00
-111.32,-33.30,0.00,1.00
67.06,59.38,0.00,1.00
79.38,187.11,0.00,1.00
-117.07,-5.58,0.00,1.00
162.01,-145.65,0.00,1.00
153.83,139.64,0.00,1.00
179.07,-89.93,0.00,1.00
-113.58,0.68,0.00,1.00
-202.77,78.23,0.00,1.00
-199.11,9.06,0.00,1.00
31.16,211.15,0.00,1.00
81.80,69.41,0.00,1.00
63.27,-76.76,0.00,1.00
4.58,216.98,0.00,1.00
-103.62,14.76,0.00,1.00
-206.84,26.73,0.00,1.00
-65.35,-73.70,0.00,1.00
-118.29,151.13,0.00,1.00
-128.93,-165.47,0.00,1.00
-68.68,-112.64,0.00,1.00
73.30,178.72,0.00,1.00
-163.52,-165.58,0.00,1.00
-32.62,105.71,0.00,1.00
-40.42,98.00,0.00,1.00
-141.83,-153.59,0.00,1.00
-124.04,168.93,0.00,1.00
-133.15,161.00,0.00,1.00
93.40,-32.77,0.00,1.00
-103.30,75.45,0.00,1.00
14.01,92.15,0.00,1.00
187.69,97.13,0.00,1.00
-106.52,8.26,0.00,1.00
175.48,-110.87,0.00,1.00
85.78,188.19,0.00,1.00
181.64,78.63,0.00,1.00
17.56,116.34,0.00,1.00
-17.31,113.33,0.00,1.00
-178.41,127.85,0.00,1.00
-73.76,-67.51,0.00,1.00
-83.26,68.20,0.00,1.00
-207.65,23.31,0.00,1.00
-26.17,97.00,0.00,1.00
191.06,2.71,0.00,1.00
-94.81,33.96,0.00,1.00
-158.18,139.96,0.00,1.00
99.65,8.37,0.00,1.00
155.00,115.79,0.00,1.00
28.32,-87.39,0.00,1.00
46.77,-80.05,0.00,1.00
193.90,65.38,0.00,1.00
98.48,-43.04,0.00,1.00
31.69,199.23,0.00,1.00
-58.03,-96.58,0.00,1.00
48.11,187.21,0.00,1.00
60.64,-88.53,0.00,1.00
-106.17,9.64,0.00,1.00
-184.92,-125.92,0.00,1.00
-99.73,31.40,0.00,1.00
186.49,83.58,0.00,1.00
-208.02,-70.64,0.00,1.00
55.40,66.75,0.00,1.00
-91.10,208.15,0.00,1.00
68.09,92.01,0.00,1.00
-194.74,83.82,0.00,1.00
-63.81,-197.23,0.00,1.00
-95.76,61.98,0.00,1.00
19.28,209.73,0.00,1.00
-226.76,0.62,0.00,1.00
59.27,-72.52,0.00,1.00
42.39,205.47,0.00,1.00
-94.88,167.09,0.00,1.00
13.71,-105.25,0.00,1.00
-23.57,197.88,0.00,1.00
-50.17,-191.48,0.00,1.00
119.21,160.56,0.00,1.00
-91.22,-49.58,0.00,1.00
-12.94,-87.70,0.00,1.00
23.16,107.42,0.00,1.00
141.13,-140.79,0.00,1.00
190.80,-52.15,0.00,1.00
-96.04,63.54,0.00,1.00
81.49,-25.00,0.00,1.00
-105.75,22.11,0.00,1.00
-69.60,78.13,0.00,1.00
-202.89,66.67,0.00,1.00
-201.51,64.79,0.00,1.00
89.86,-27.34,0.00,1.00
-110.68,26.94,0.00,1.00
-18.22,-193.80,0.00,1.00
230.00,9.98,0.00,1.00
86.00,-170.30,0.00,1.00
100.34,32.93,0.00,1.00
-161.67,-153.86,0.00,1.00
-124.97,-152.20,0.00,1.00
8.51,105.15,0.00,1.00
7.99,224.16,0.00,1.00
-126.49,145.28,0.00,1.00
49.67,95.69,0.00,1.00
-5.63,-209.56,0.00,1.00
-193.01,32.35,0.00,1.00
-193.35,-25.77,0.00,1.00
-207.13,-1.02,0.00,1.00
-65.12,71.91,0.00,1.00
-137.61,-114.18,0.00,1.00
-136.41,-149.60,0.00,1.00
-4.59,-216.52,0.00,1.00
63.41,-104.55,0.00,1.00
147.77,128.27,0.00,1.00
65.57,102.50,0.00,1.00
-150.53,-145.75,0.00,1.00
192.74,30.32,0.00,1.00
-153.70,163.28,0.00,1.00
103.17,155.45,0.00,1.00
11.61,-115.70,0.00,1.00
-164.52,115.06,0.00,1.00
91.95,35.30,0.00,1.00
-210.62,91.72,0.00,1.00
-183.28,-110.99,0.00,1.00
-119.15,-7.50,0.00,1.00
-39.05,-97.88,0.00,1.00
-2.99,-99.74,0.00,1.00
169.91,-89.74,0.00,1.00
-88.67,-65.78,0.00,1.00
-63.25,-93.69,0.00,1.00
-178.94,66.35,0.00,1.00
30.42,-105.62,0.00,1.00
-212.27,13.39,0.00,1.00
185.63,-94.63,0.00,1.00
-89.11,66.82,0.00,1.00
197.49,-35.76,0.00,1.00
92.95,28.02,0.00,1.00
-161.89,-148.91,0.00,1.00
-84.64,164.07,0.00,1.00
122.54,22.59,0.00,1.00
-17.64,118.80,0.00,1.00
61.33,-195.79,0.00,1.00
-28.75,-205.39,0.00,1.00
-1.34,-113.67,0.00,1.00
34.84,92.09,0.00,1.00
189.23,-42.98,0.00,1.00
27.43,-210.84,0.00,1.00
12.89,-110.74,0.00,1.00
-202.30,47.68,0.00,1.00
43.57,214.59,0.00,1.00
-70.37,196.96,0.00,1.00
-78.24,-64.82,0.00,1.00
-65.97,-44.87,0.00,1.00
-87.43,-191.71,0.00,1.00
-119.55,155.19,0.00,1.00
-56.78,-86.03,0.00,1.00
49.92,203.61,0.00,1.00
13.48,94.98,0.00,1.00
-72.00,-73.44,0.00,1.00
140.81,121.48,0.00,1.00
185.20,-76.27,0.00,1.00
-95.02,15.96,0.00,1.00
-23.36,-206.56,0.00,1.00
98.05,9.18,0.00,1.00
-81.44,18.26,0.00,1.00
135.06,133.73,0.00,1.00
-187.09,-71.27,0.00,1.00
128.33,-156.37,0.00,1.00
19.11,113.47,0.00,1.00
-176.64,103.24,0.00,1.00
-59.95,206.49,0.00,1.00
180.14,57.21,0.00,1.00
162.99,-95.89,0.00,1.00
188.15,63.74,0.00,1.00
50.27,-215.38,0.00,1.00
-75.26,-51.67,0.00,1.00
184.29,-62.12,0.00,1.00
-119.50,178.42,0.00,1.00
-50.64,-218.25,0.00,1.00
2.39,197.58,0.00,1.00
55.23,213.00,0.00,1.00
-94.32,-38.14,0.00,1.00
193.74,-84.29,0.00,1.00
-123.35,184.56,0.00,1.00
1.75,-111.93,0.00,1.00
-65.15,185.75,0.00,1.00
27.10,-214.31,0.00,1.00
-169.22,89.01,0.00,1.00
-187.29,112.35,0.00,1.00
196.36,38.37,0.00,1.00
-80.93,71.90,0.00,1.00
-51.93,-79.08,0.00,1.00
82.01,41.62,0.00,1.00
7.99,203.08,0.00,1.00
80.81,-85.55,0.00,1.00
-16.29,-121.57,0.00,1.00
-39.87,98.13,0.00,1.00
109.60,27.29,0.00,1.00
-133.14,177.10,0.00,1.00
67.96,82.39,0.00,1.00
-23.64,225.02,0.00,1.00
-211.42,77.27,0.00,1.00
124.26,162.56,0.00,1.00
-50.93,198.08,0.00,1.00
-115.85,189.20,0.00,1.00
-73.54,-60.37,0.00,1.00
98.09,38.16,0.00,1.00
-43.45,212.25,0.00,1.00
-87.06,47.03,0.00,1.00
198.29,-70.74,0.00,1.00
43.54,-84.78,0.00,1.00
19.45,221.52,0.00,1.00
9.06,100.49,0.00,1.00
-0.65,101.66,0.00,1.00
-4.45,117.75,0.00,1.00
80.74,38.78,0.00,1.00
-89.62,-187.05,0.00,1.00
-122.82,-170.08,0.00,1.00
135.60,157.33,0.00,1.00
-55.21,-205.10,0.00,1.00
-6.09,216.86,0.00,1.00
109.70,-180.95,0.00,1.00
101.16,38.97,0.00,1.00
174.05,140.55,0.00,1.00
6.71,209.28,0.00,1.00
-98.96,-16.28,0.00,1.00
-78.58,69.87,0.00,1.00
-55.03,197.07,0.00,1.00
63.62,58.21,0.00,1.00
74.36,204.08,0.00,1.00
-195.60,41.63,0.00,1.00
-11.83,-82.97,0.00,1.00
-115.22,177.58,0.00,1.00
-93.96,-76.96,0.00,1.00
116.14,35.28,0.00,1.00
36.77,-214.90,0.00,1.00
-77.53,43.48,0.00,1.00
-82.66,49.13,0.00,1.00
174.78,-86.47,0.00,1.00
83.59,59.05,0.00,1.00
55.93,214.38,0.00,1.00
92.20,-25.62,0.00,1.00
67.80,-75.69,0.00,1.00
94.16,38.69,0.00,1.00
-45.19,220.00,0.00,1.00
73.00,65.06,0.00,1.00
89.89,24.49,0.00,1.00
-81.13,-51.36,0.00,1.00
59.89,77.59,0.00,1.00
-211.04,46.57,0.00,1.00
-17.17,121.67,0.00,1.00
74.95,62.71,0.00,1.00
85.88,-52.26,0.00,1.00
-194.57,-95.20,0.00,1.00
-165.08,128.96,0.00,1.00
36.91,-83.40,0.00,1.00
103.63,35.23,0.00,1.00
196.67,31.96,0.00,1.00
184.52,37.29,0.00,1.00
-162.79,-134.73,0.00,1.00
-75.26,-61.33,0.00,1.00
27.48,116.13,0.00,1.00
17.57,91.01,0.00,1.00
-76.99,204.36,0.00,1.00
139.68,131.86,0.00,1.00
-87.72,-24.68,0.00,1.00
23.02,-107.01,0.00,1.00
77.20,3.41,0.00,1.00
-72.94,93.45,0.00,1.00
-158.56,-131.07,0.00,1.00
153.60,-133.62,0.00,1.00
-87.41,81.51,0.00,1.00
91.59,180.40,0.00,1.00
-144.03,-162.83,0.00,1.00
-126.05,-173.66,0.00,1.00
-9.06,117.21,0.00,1.00
-20.96,-95.49,0.00,1.00
-41.64,-93.42,0.00,1.00
82.72,53.45,0.00,1.00
-3.02,-201.98,0.00,1.00
-211.00,63.24,0.00,1.00
76.95,-44.42,0.00,1.00
-168.88,-113.74,0.00,1.00
-39.29,211.72,0.00,1.00
-198.19,-136.54,0.00,1.00
-38.13,-120.10,0.00,1.00
-20.45,-87.18,0.00,1.00
-158.91,137.27,0.00,1.00
66.70,47.23,0.00,1.00
-3.74,102.48,0.00,1.00
-63.56,178.16,0.00,1.00
85.12,13.08,0.00,1.00
105.08,-160.42,0.00,1.00
74.64,47.35,0.00,1.00
-170.72,-114.51,0.00,1.00
65.43,-79.56,0.00,1.00
-21.63,103.16,0.00,1.00
-83.30,23.60,0.00,1.00
18.63,104.73,0.00,1.00
87.73,-87.32,0.00,1.00
-82.98,-80.14,0.00,1.00
171.80,-46.08,0.00,1.00
-98.17,51.17,0.00,1.00
162.78,117.85,0.00,1.00
187.75,64.12,0.00,1.00
99.95,-17.53,0.00,1.00
28.33,-85.01,0.00,1.00
-78.12,179.81,0.00,1.00
32.62,92.25,0.00,1.00
75.07,178.75,0.00,1.00
93.73,-221.34,0.00,1.00
-181.23,-94.83,0.00,1.00
-155.76,135.50,0.00,1.00
-212.11,-29.49,0.00,1.00
-31.80,-71.67,0.00,1.00
-131.60,-143.55,0.00,1.00
103.49,-169.75,0.00,1.00
55.76,105.88,0.00,1.00
-118.48,-46.07,0.00,1.00
-84.12,-82.97,0.00,1.00
46.69,73.86,0.00,1.00
101.80,167.51,0.00,1.00
72.71,72.70,0.00,1.00
-200.08,-52.57,0.00,1.00
-194.63,47.27,0.00,1.00
64.65,38.52,0.00,1.00
-24.70,-61.30,0.00,1.00
193.98,-12.76,0.00,1.00
-147.58,-143.02,0.00,1.00
-26.49,108.10,0.00,1.00
-99.52,-9.31,0.00,1.00
193.91,25.28,0.00,1.00
77.74,39.32,0.00,1.00
57.95,-87.05,0.00,1.00
198.00,-86.25,0.00,1.00
26.51,-208.55,0.00,1.00
-208.37,38.01,0.00,1.00
-22.18,123.74,0.00,1.00
128.04,153.52,0.00,1.00
-23.99,-104.46,0.00,1.00
79.62,41.35,0.00,1.00
-177.81,125.67,0.00,1.00
6.13,-118.22,0.00,1.00
55.76,-193.81,0.00,1.00
40.82,213.58,0.00,1.00
204.97,30.22,0.00,1.00
-48.67,210.02,0.00,1.00
-6.44,118.87,0.00,1.00
43.56,201.46,0.00,1.00
-123.97,153.35,0.00,1.00
-167.92,122.06,0.00,1.00
150.59,132.96,0.00,1.00
98.16,-35.81,0.00,1.00
-110.47,-44.33,0.00,1.00
-178.21,114.13,0.00,1.00
-59.43,-84.59,0.00,1.00
75.73,35.93,0.00,1.00
64.77,204.95,0.00,1.00
-9.01,-201.90,0.00,1.00
-44.63,-79.81,0.00,1.00
-106.99,-49.51,0.00,1.00
-136.03,-187.43,0.00,1.00
-61.54,-200.50,0.00,1.00
194.20,-49.54,0.00,1.00
-86.05,-52.92,0.00,1.00
-22.69,104.42,0.00,1.00
101.26,-40.22,0.00,1.00
-23.36,230.00,0.00,1.00
38.14,198.99,0.00,1.00
179.99,-123.52,0.00,1.00
20.99,-99.93,0.00,1.00
-10.27,-210.71,0.00,1.00
-73.05,187.82,0.00,1.00
-198.02,54.89,0.00,1.00
-32.05,-208.01,0.00,1.00
-189.59,117.61,0.00,1.00
135.81,-147.43,0.00,1.00
86.87,-64.68,0.00,1.00
101.23,-4.99,0.00,1.00
-127.84,-167.42,0.00,1.00
10.44,110.35,0.00,1.00
26.31,-96.27,0.00,1.00
-86.31,56.78,0.00,1.00
-87.97,34.83,0.00,1.00
69.41,-172.32,0.00,1.00
-38.57,92.89,0.00,1.00
167.96,102.76,0.00,1.00
101.88,15.23,0.00,1.00
-55.28,-100.50,0.00,1.00
100.04,150.13,0.00,1.00
68.67,61.05,0.00,1.00
99.81,-50.52,0.00,1.00
124.36,180.12,0.00,1.00
165.14,-49.90,0.00,1.00
-135.51,126.17,0.00,1.00
161.64,77.79,0.00,1.00
146.51,-131.97,0.00,1.00
203.09,14.34,0.00,1.00
-92.87,-83.15,0.00,1.00
-189.99,65.76,0.00,1.00
-193.79,-64.89,0.00,1.00
-181.71,-51.72,0.00,1.00
196.32,52.89,0.00,1.00
182.21,-86.42,0.00,1.00
89.90,-62.99,0.00,1.00
-87.54,-44.22,0.00,1.00
74.71,5.51,0.00,1.00
-69.16,62.82,0.00,1.00
-188.07,-68.51,0.00,1.00
-78.37,69.63,0.00,1.00
-79.54,-49.65,0.00,1.00
-46.09,203.48,0.00,1.00
-52.51,206.23,0.00,1.00
194.60,-54.85,0.00,1.00
143.95,139.08,0.00,1.00
-67.96,-89.46,0.00,1.00
85.48,53.81,0.00,1.00
-141.77,170.91,0.00,1.00
-69.19,71.04,0.00,1.00
-29.62,95.19,0.00,1.00
-197.05,79.81,0.00,1.00
154.56,-123.71,0.00,1.00
10.74,-102.03,0.00,1.00
-184.58,-88.69,0.00,1.00
17.36,94.18,0.00,1.00
-76.93,47.60,0.00,1.00
-91.51,48.89,0.00,1.00
60.40,71.37,0.00,1.00
-98.53,14.54,0.00,1.00
-84.65,35.16,0.00,1.00
176.03,70.09,0.00,1.00
87.97,26.72,0.00,1.00
-7.44,97.39,0.00,1.00
49.26,-87.11,0.00,1.00
16.66,-98.89,0.00,1.00
-105.37,8.76,0.00,1.00
-35.87,103.57,0.00,1.00
185.45,3.64,0.00,1.00
212.52,3.10,0.00,1.00
-30.17,-92.95,0.00,1.00
-214.25,24.62,0.00,1.00
-87.34,60.17,0.00,1.00
74.65,-12.20,0.00,1.00
196.33,27.53,0.00,1.00
67.24,193.00,0.00,1.00
-169.57,113.78,0.00,1.00
183.19,63.65,0.00,1.00
41.81,-200.42,0.00,1.00
184.85,67.06,0.00,1.00
88.24,-9.36,0.00,1.00
-111.22,42.09,0.00,1.00
-84.23,-62.37,0.00,1.00
-31.93,-105.64,0.00,1.00
-155.20,-152.73,0.00,1.00
-80.61,59.24,0.00,1.00
-95.66,-38.23,0.00,1.00
-97.67,45.74,0.00,1.00
51.57,-203.99,0.00,1.00
-49.16,92.15,0.00,1.00
9.62,-96.63,0.00,1.00
16.97,-118.87,0.00,1.00
-97.96,-32.19,0.00,1.00
-106.23,-1.67,0.00,1.00
-230.00,20.81,0.00,1.00
116.76,-161.69,0.00,1.00
193.82,-15.98,0.00,1.00
26.29,-106.24,0.00,1.00
18.59,91.88,0.00,1.00
133.79,143.03,0.00,1.00
-181.26,-105.65,0.00,1.00
85.42,-36.77,0.00,1.00
91.49,3.10,0.00,1.00
191.73,12.69,0.00,1.00
-3.85,115.74,0.00,1.00
87.63,-193.65,0.00,1.00
186.27,-41.03,0.00,1.00
217.82,-0.83,0.00,1.00
115.77,180.18,0.00,1.00
45.44,-97.01,0.00,1.00
-40.40,101.28,0.00,1.00
-122.90,-168.11,0.00,1.00
137.61,-150.83,0.00,1.00
-126.57,-162.63,0.00,1.00
179.65,91.17,0.00,1.00
-23.36,109.96,0.00,1.00
-42.61,-92.71,0.00,1.00
169.20,107.69,0.00,1.00
-61.51,-66.14,0.00,1.00
104.74,178.55,0.00,1.00
207.83,-39.41,0.00,1.00
33.25,-93.10,0.00,1.00
14.22,-87.96,0.00,1.00
60.76,59.28,0.00,1.00
-201.04,-76.01,0.00,1.00
-71.97,62.03,0.00,1.00
-51.95,204.19,0.00,1.00
44.34,95.85,0.00,1.00
-165.36,-133.03,0.00,1.00
-68.16,79.21,0.00,1.00
161.54,75.33,0.00,1.00
-218.39,-20.42,0.00,1.00
146.41,-145.48,0.00,1.00
-212.81,-5.24,0.00,1.00
197.81,19.34,0.00,1.00
69.40,-71.93,0.00,1.00
45.40,95.87,0.00,1.00
-19.69,-94.29,0.00,1.00
125.75,-162.17,0.00,1.00
54.71,79.42,0.00,1.00
9.26,-116.14,0.00,1.00
-174.86,141.56,0.00,1.00
-204.58,-55.83,0.00,1.00
-202.10,42.15,0.00,1.00
-4.63,92.49,0.00,1.00
55.67,-205.07,0.00,1.00
-147.66,-144.76,0.00,1.00
48.82,-88.73,0.00,1.00
-198.02,-80.63,0.00,1.00
-107.96,-190.75,0.00,1.00
-185.83,101.45,0.00,1.00
9.48,200.99,0.00,1.00
-79.77,-51.99,0.00,1.00
-152.66,-143.65,0.00,1.00
189.31,-86.41,0.00,1.00
-99.09,-44.26,0.00,1.00
-148.32,152.24,0.00,1.00
-51.34,-92.29,0.00,1.00
178.83,-16.54,0.00,1.00
-48.63,-203.83,0.00,1.00
-229.56,-4.89,0.00,1.00
190.41,82.99,0.00,1.00
3.29,218.58,0.00,1.00
92.41,12.25,0.00,1.00
-194.98,71.55,0.00,1.00
181.58,-109.89,0.00,1.00
91.37,-193.14,0.00,1.00
-68.01,-74.82,0.00,1.00
-66.64,-200.09,0.00,1.00
192.41,30.68,0.00,1.00
129.32,171.73,0.00,1.00
157.93,-146.68,0.00,1.00
40.76,78.58,0.00,1.00
111.66,191.32,0.00,1.00
193.91,62.17,0.00,1.00
-109.86,-43.57,0.00,1.00
-71.42,-106.54,0.00,1.00
-15.81,-90.65,0.00,1.00
-199.42,-30.04,0.00,1.00
-73.15,63.35,0.00,1.00
-109.21,178.09,0.00,1.00
180.02,111.35,0.00,1.00
-56.89,-106.84,0.00,1.00
-65.96,73.24,0.00,1.00
-39.12,-104.74,0.00,1.00
87.49,-48.60,0.00,1.00
-28.70,-206.93,0.00,1.00
-193.19,54.80,0.00,1.00
-53.24,194.43,0.00,1.00
34.84,98.62,0.00,1.00
117.79,-149.09,0.00,1.00
-80.92,208.01,0.00,1.00
-158.98,123.34,0.00,1.00
82.14,75.05,0.00,1.00
51.84,94.63,0.00,1.00
163.86,-136.83,0.00,1.00
36.51,-214.87,0.00,1.00
-79.80,76.97,0.00,1.00
21.47,-93.86,0.00,1.00
90.91,-25.47,0.00,1.00
37.49,-111.93,0.00,1.00
32.02,81.95,0.00,1.00
-17.67,-96.45,0.00,1.00
60.52,-216.08,0.00,1.00
36.22,104.41,0.00,1.00
-73.81,185.88,0.00,1.00
107.85,-5.93,0.00,1.00
27.66,90.20,0.00,1.00
-199.25,38.58,0.00,1.00
-97.85,-192.19,0.00,1.00
-10.18,-220.90,0.00,1.00
-89.97,-191.07,0.00,1.00
129.71,159.73,0.00,1.00
197.66,-30.73,0.00,1.00
-189.18,3.38,0.00,1.00
180.18,-14.32,0.00,1.00
-4.48,86.55,0.00,1.00
-229.86,12.30,0.00,1.00
-44.26,-94.74,0.00,1.00
-9.48,-210.57,0.00,1.00
169.91,93.38,0.00,1.00
-92.12,40.69,0.00,1.00
-104.37,12.98,0.00,1.00
-44.80,-84.72,0.00,1.00
65.92,-88.07,0.00,1.00
68.59,71.63,0.00,1.00
-64.59,-90.60,0.00,1.00
-130.07,-183.29,0.00,1.00
97.75,184.88,0.00,1.00
-2.27,-97.42,0.00,1.00
-99.24,72.26,0.00,1.00
-43.24,193.63,0.00,1.00
-175.63,-95.26,0.00,1.00
-97.82,-56.08,0.00,1.00
-187.62,-77.13,0.00,1.00
13.28,-103.13,0.00,1.00
-117.57,-11.76,0.00,1.00
123.12,-142.56,0.00,1.00
93.91,2.40,0.00,1.00
175.90,-93.98,0.00,1.00
83.99,-182.35,0.00,1.00
-25.15,-98.03,0.00,1.00
-162.18,-106.72,0.00,1.00
72.43,-84.67,0.00,1.00
-53.58,-185.69,0.00,1.00
85.05,57.87,0.00,1.00
-95.59,44.98,0.00,1.00
-205.94,10.26,0.00,1.00
83.57,-206.03,0.00,1.00
-39.93,-98.18,0.00,1.00
191.27,35.36,0.00,1.00
-156.35,143.05,0.00,1.00
-7.90,111.71,0.00,1.00
-50.69,-200.93,0.00,1.00
-101.78,6.94,0.00,1.00
-44.12,192.44,0.00,1.00
85.64,-45.54,0.00,1.00
-62.27,64.09,0.00,1.00
-35.36,-73.20,0.00,1.00
-127.53,-165.93,0.00,1.00
40.26,205.07,0.00,1.00
-48.17,-92.58,0.00,1.00
-6.44,-123.00,0.00,1.00
-208.98,2.56,0.00,1.00
-29.13,99.00,0.00,1.00
-54.79,-83.21,0.00,1.00
47.68,184.94,0.00,1.00
-53.81,-98.07,0.00,1.00
52.45,-194.22,0.00,1.00
146.13,138.14,0.00,1.00
-112.53,21.27,0.00,1.00
-202.55,-59.96,0.00,1.00
-49.09,215.71,0.00,1.00
-179.51,85.50,0.00,1.00
-78.95,173.47,0.00,1.00
-72.34,-84.40,0.00,1.00
-181.94,-87.83,0.00,1.00
-55.12,-72.71,0.00,1.00
-11.06,213.38,0.00,1.00
86.18,71.21,0.00,1.00
73.77,87.09,0.00,1.00
42.48,-93.54,0.00,1.00
-20.21,-101.98,0.00,1.00
-210.46,-52.46,0.00,1.00
100.74,-13.96,0.00,1.00
187.08,-1.65,0.00,1.00
-72.38,66.25,0.00,1.00
199.44,36.58,0.00,1.00
-174.73,75.56,0.00,1.00
31.92,-107.38,0.00,1.00
-110.74,-190.45,0.00,1.00
176.15,102.71,0.00,1.00
0.50,116.97,0.00,1.00
-100.88,30.06,0.00,1.00
-209.35,28.55,0.00,1.00
95.86,42.54,0.00,1.00
-128.25,-162.33,0.00,1.00
24.29,103.36,0.00,1.00
-185.24,-103.36,0.00,1.00
15.92,111.90,0.00,1.00
-175.30,146.78,0.00,1.00
80.30,-46.62,0.00,1.00
75.64,58.46,0.00,1.00
116.40,-23.83,0.00,1.00
-140.38,-128.21,0.00,1.00
-106.86,-13.90,0.00,1.00
41.77,-93.57,0.00,1.00
189.97,-64.71,0.00,1.00
154.42,141.93,0.00,1.00
186.82,-91.51,0.00,1.00
-82.71,-58.54,0.00,1.00
-81.55,78.70,0.00,1.00
-98.02,-50.17,0.00,1.00
38.26,109.27,0.00,1.00
36.14,207.10,0.00,1.00
-154.15,146.91,0.00,1.00
-81.36,202.02,0.00,1.00
62.01,-70.33,0.00,1.00
-114.97,-12.33,0.00,1.00
48.12,190.06,0.00,1.00
197.36,72.37,0.00,1.00
83.84,-71.41,0.00,1.00
-209.07,72.26,0.00,1.00
-99.02,-46.97,0.00,1.00
-69.18,87.19,0.00,1.00
-96.46,58.88,0.00,1.00
61.86,78.45,0.00,1.00
27.46,-91.62,0.00,1.00
85.75,-192.05,0.00,1.00
-62.87,-70.12,0.00,1.00
179.78,-51.46,0.00,1.00
-124.29,142.28,0.00,1.00
151.61,-130.86,0.00,1.00
56.10,-188.89,0.00,1.00
-47.70,99.21,0.00,1.00
-17.23,124.91,0.00,1.00
179.74,-53.31,0.00,1.00
119.21,-160.82,0.00,1.00
34.28,-198.06,0.00,1.00
-218.98,-33.86,0.00,1.00
-100.16,52.72,0.00,1.00
205.87,-24.77,0.00,1.00
-2.87,-214.44,0.00,1.00
-79.67,48.53,0.00,1.00
179.73,80.04,0.00,1.00
79.69,12.41,0.00,1.00
96.97,199.61,0.00,1.00
-75.36,187.79,0.00,1.00
179.09,-82.81,0.00,1.00
-12.52,109.32,0.00,1.00
153.16,113.28,0.00,1.00
-91.54,-173.51,0.00,1.00
-88.85,-38.71,0.00,1.00
67.93,-204.17,0.00,1.00
-114.05,170.29,0.00,1.00
-122.42,149.27,0.00,1.00
118.48,-160.99,0.00,1.00
-38.04,-65.93,0.00,1.00
189.13,30.38,0.00,1.00
10.75,-191.79,0.00,1.00
146.88,-135.46,0.00,1.00
-44.53,109.93,0.00,1.00
166.73,-117.80,0.00,1.00
-203.44,-64.86,0.00,1.00
172.09,91.07,0.00,1.00
-4.91,89.24,0.00,1.00
29.79,-104.40,0.00,1.00
-141.24,158.13,0.00,1.00
-76.73,32.68,0.00,1.00
164.06,-145.55,0.00,1.00
101.38,12.04,0.00,1.00
52.09,-189.16,0.00,1.00
44.88,-189.17,0.00,1.00
59.45,70.49,0.00,1.00
159.60,131.21,0.00,1.00
-44.28,105.13,0.00,1.00
191.04,-71.52,0.00,1.00
-131.37,119.72,0.00,1.00
25.75,105.05,0.00,1.00
-74.28,-54.68,0.00,1.00
-34.23,-105.11,0.00,1.00
91.66,177.51,0.00,1.00
-163.58,-113.20,0.00,1.00
-86.72,36.53,0.00,1.00
-205.92,-41.79,0.00,1.00
-174.45,87.47,0.00,1.00
-52.95,192.07,0.00,1.00
-105.47,-3.45,0.00,1.00
-6.90,-94.01,0.00,1.00
23.34,-206.84,0.00,1.00
-114.65,-11.46,0.00,1.00
24.26,99.25,0.00,1.00
190.17,-46.41,0.00,1.00
80.58,-3.67,0.00,1.00
69.21,-176.08,0.00,1.00
-54.11,97.79,0.00,1.00
-163.78,-107.93,0.00,1.00
32.84,-102.20,0.00,1.00
128.31,-168.58,0.00,1.00
-3.35,110.48,0.00,1.00
69.04,59.18,0.00,1.00
103.17,-161.99,0.00,1.00
34.13,-84.43,0.00,1.00
195.78,46.92,0.00,1.00
-78.15,64.49,0.00,1.00
123.24,152.47,0.00,1.00
35.70,-80.82,0.00,1.00
92.48,12.95,0.00,1.00
40.01,-193.87,0.00,1.00
-109.41,0.70,0.00,1.00
-81.91,-37.82,0.00,1.00
84.66,-55.69,0.00,1.00
59.93,77.87,0.00,1.00
90.71,-5.17,0.00,1.00
-66.76,205.30,0.00,1.00
-3.19,-106.95,0.00,1.00
-58.38,77.76,0.00,1.00
-99.18,194.71,0.00,1.00
-57.55,197.80,0.00,1.00
150.51,-131.28,0.00,1.00
-107.82,14.14,0.00,1.00
-47.22,-75.07,0.00,1.00
-187.31,113.12,0.00,1.00
-87.58,49.05,0.00,1.00
-177.50,-86.49,0.00,1.00
-178.08,-110.03,0.00,1.00
-166.80,-117.52,0.00,1.00
67.00,-80.20,0.00,1.00
202.50,20.15,0.00,1.00
49.54,90.25,0.00,1.00
73.65,-188.21,0.00,1.00
-48.15,101.16,0.00,1.00
-175.77,143.05,0.00,1.00
-8.37,-123.60,0.00,1.00
-69.35,-85.69,0.00,1.00
-38.50,83.99,0.00,1.00
140.58,145.47,0.00,1.00
27.64,-96.24,0.00,1.00
-151.69,-132.35,0.00,1.00
191.00,29.82,0.00,1.00
38.10,82.48,0.00,1.00
-79.15,-15.30,0.00,1.00
-109.32,-49.14,0.00,1.00
107.47,-2.53,0.00,1.00
-188.17,111.11,0.00,1.00
41.87,107.27,0.00,1.00
-195.38,-11.58,0.00,1.00
104.07,-12.08,0.00,1.00
28.01,-208.14,0.00,1.00
-77.99,59.88,0.00,1.00
-66.48,-93.97,0.00,1.00
12.82,-207.40,0.00,1.00
63.37,60.77,0.00,1.00
64.10,204.79,0.00,1.00
-112.16,-160.00,0.00,1.00
177.80,46.03,0.00,1.00
-98.81,72.00,0.00,1.00
57.24,72.93,0.00,1.00
-170.43,136.44,0.00,1.00
-192.96,56.18,0.00,1.00
191.16,75.43,0.00,1.00
67.46,-58.46,0.00,1.00
-176.89,71.77,0.00,1.00
42.85,92.36,0.00,1.00
59.13,79.61,0.00,1.00
64.02,-96.21,0.00,1.00
-174.85,86.46,0.00,1.00
204.11,-14.53,0.00,1.00
-65.96,-65.80,0.00,1.00
-1.84,-103.81,0.00,1.00
93.90,177.61,0.00,1.00
60.10,-76.16,0.00,1.00
-99.77,-21.23,0.00,1.00
5.37,-100.75,0.00,1.00
-70.17,65.15,0.00,1.00
-87.90,-33.85,0.00,1.00
192.55,5.82,0.00,1.00
43.75,-68.25,0.00,1.00
12.07,-215.82,0.00,1.00
-42.05,-96.54,0.00,1.00
40.85,95.46,0.00,1.00
-58.74,-72.63,0.00,1.00
34.60,-92.72,0.00,1.00
-103.19,168.07,0.00,1.00
74.56,63.57,0.00,1.00
-0.01,216.40,0.00,1.00
99.08,38.49,0.00,1.00
95.21,27.47,0.00,1.00
178.71,-105.49,0.00,1.00
24.33,220.76,0.00,1.00
-190.53,-90.16,0.00,1.00
87.28,-18.27,0.00,1.00
87.14,59.12,0.00,1.00
-90.22,-81.49,0.00,1.00
6.71,-105.64,0.00,1.00
-51.89,-103.25,0.00,1.00
3.96,-92.56,0.00,1.00
94.68,181.24,0.00,1.00
76.23,-22.23,0.00,1.00
92.98,-33.93,0.00,1.00
12.59,108.48,0.00,1.00
-90.91,-195.90,0.00,1.00
41.86,79.96,0.00,1.00
-52.23,-88.78,0.00,1.00
-89.71,-193.33,0.00,1.00
-193.60,-36.63,0.00,1.00
82.99,-56.68,0.00,1.00
-193.12,-111.39,0.00,1.00
17.62,-113.71,0.00,1.00
-119.17,22.42,0.00,1.00
-87.26,187.05,0.00,1.00
153.91,-124.35,0.00,1.00
22.49,225.78,0.00,1.00
-126.76,-154.72,0.00,1.00
50.99,-95.59,0.00,1.00
-210.89,0.89,0.00,1.00
123.13,-160.54,0.00,1.00
-164.64,-74.76,0.00,1.00
-5.12,100.22,0.00,1.00
-113.44,27.30,0.00,1.00
-32.07,-116.07,0.00,1.00
73.34,-76.96,0.00,1.00
-169.86,119.73,0.00,1.00
164.69,-94.29,0.00,1.00
-66.78,-74.26,0.00,1.00
-206.64,15.82,0.00,1.00
64.00,191.56,0.00,1.00
-199.28,-38.93,0.00,1.00
90.40,-19.85,0.00,1.00
-28.87,-105.64,0.00,1.00
115.05,171.11,0.00,1.00
66.89,-37.17,0.00,1.00
-162.67,-103.91,0.00,1.00
73.23,-62.44,0.00,1.00
-164.17,-140.93,0.00,1.00
77.96,-183.84,0.00,1.00
74.70,63.14,0.00,1.00
-36.12,-222.23,0.00,1.00
202.22,18.26,0.00,1.00
36.22,205.54,0.00,1.00
194.52,-71.63,0.00,1.00
-129.47,-163.31,0.00,1.00
-4.22,-91.91,0.00,1.00
-32.22,207.52,0.00,1.00
-55.12,-188.90,0.00,1.00
-72.45,-88.15,0.00,1.00
94.18,-51.77,0.00,1.00
22.37,-106.82,0.00,1.00
75.78,46.25,0.00,1.00
95.77,-35.19,0.00,1.00
-158.94,118.61,0.00,1.00
83.23,12.67,0.00,1.00
-53.68,-93.16,0.00,1.00
187.12,-88.72,0.00,1.00
87.36,-47.26,0.00,1.00
-134.17,-161.84,0.00,1.00
-75.64,-24.20,0.00,1.00
-35.64,-115.65,0.00,1.00
81.87,24.00,0.00,1.00
-82.75,-54.28,0.00,1.00
153.34,-147.58,0.00,1.00
-18.97,107.53,0.00,1.00
106.46,18.25,0.00,1.00
77.20,77.28,0.00,1.00
-51.04,-205.17,0.00,1.00
-62.59,82.96,0.00,1.00
58.33,56.53,0.00,1.00
-79.96,70.14,0.00,1.00
-51.49,103.51,0.00,1.00
91.32,42.88,0.00,1.00
157.96,82.43,0.00,1.00
-6.78,-111.74,0.00,1.00
91.92,-38.48,0.00,1.00
-123.25,-19.57,0.00,1.00
-98.99,184.94,0.00,1.00
84.10,-204.85,0.00,1.00
56.31,83.80,0.00,1.00
88.62,41.10,0.00,1.00
159.99,127.52,0.00,1.00
99.22,183.84,0.00,1.00
1.94,-98.10,0.00,1.00
-30.22,210.20,0.00,1.00
-140.52,148.77,0.00,1.00
94.49,-34.46,0.00,1.00
-10.97,-197.73,0.00,1.00
5.06,-94.54,0.00,1.00
-110.39,185.64,0.00,1.00
-102.44,47.78,0.00,1.00
-207.35,8.26,0.00,1.00
-88.45,73.18,0.00,1.00
-160.54,-128.59,0.00,1.00
-189.38,115.19,0.00,1.00
4.62,117.08,0.00,1.00
71.93,30.32,0.00,1.00
-160.02,110.83,0.00,1.00
-72.51,88.28,0.00,1.00
50.00,210.84,0.00,1.00
-27.78,202.08,0.00,1.00
72.19,188.92,0.00,1.00
-158.24,142.97,0.00,1.00
-201.10,2.26,0.00,1.00
-82.11,-83.90,0.00,1.00
74.39,-32.58,0.00,1.00
-185.57,-43.38,0.00,1.00
-119.22,-17.49,0.00,1.00
-151.32,-143.08,0.00,1.00
105.30,-23.37,0.00,1.00
-15.86,-116.74,0.00,1.00
175.38,-90.08,0.00,1.00
-192.04,-76.43,0.00,1.00
-31.51,88.54,0.00,1.00
-70.74,84.51,0.00,1.00
-94.52,-25.38,0.00,1.00
-105.33,-22.55,0.00,1.00
-177.76,94.41,0.00,1.00
-53.50,206.23,0.00,1.00
98.02,0.50,0.00,1.00
175.42,112.68,0.00,1.00
94.19,-32.77,0.00,1.00
72.97,82.35,0.00,1.00
12.56,-86.90,0.00,1.00
-169.73,-70.17,0.00,1.00
113.88,-180.45,0.00,1.00
168.24,96.34,0.00,1.00
82.69,174.30,0.00,1.00
173.55,69.90,0.00,1.00
-96.42,38.10,0.00,1.00
-192.75,-29.36,0.00,1.00
-112.69,-15.04,0.00,1.00
103.40,187.40,0.00,1.00
-16.70,-100.95,0.00,1.00
-116.23,-6.86,0.00,1.00
-91.68,-59.77,0.00,1.00
35.41,88.79,0.00,1.00
102.65,-172.93,0.00,1.00
197.08,35.99,0.00,1.00
194.30,53.15,0.00,1.00
-149.71,134.39,0.00,1.00
49.62,-78.44,0.00,1.00
38.45,194.95,0.00,1.00
115.74,152.25,0.00,1.00
35.06,213.11,0.00,1.00
38.49,197.62,0.00,1.00
-44.79,100.79,0.00,1.00
85.40,-194.38,0.00,1.00
-95.31,53.97,0.00,1.00
-28.70,-106.50,0.00,1.00
68.04,52.24,0.00,1.00
133.09,-145.54,0.00,1.00
98.03,-26.88,0.00,1.00
42.17,83.69,0.00,1.00
43.20,93.78,0.00,1.00
-91.04,41.27,0.00,1.00
-38.09,-93.54,0.00,1.00
83.91,-57.77,0.00,1.00
-31.76,-225.79,0.00,1.00
-2.40,107.05,0.00,1.00
-127.05,155.87,0.00,1.00
193.93,-37.46,0.00,1.00
-128.00,-178.34,0.00,1.00
-11.59,82.80,0.00,1.00
68.31,52.44,0.00,1.00
-88.00,-43.47,0.00,1.00
-125.03,-168.40,0.00,1.00
68.39,-78.48,0.00,1.00
203.24,-33.75,0.00,1.00
-29.41,99.35,0.00,1.00
-102.18,-6.27,0.00,1.00
35.03,-103.39,0.00,1.00
-131.35,179.98,0.00,1.00
-72.71,-62.41,0.00,1.00
187.90,32.54,0.00,1.00
88.32,21.09,0.00,1.00
203.69,-63.97,0.00,1.00
120.02,-164.92,0.00,1.00
-142.04,154.74,0.00,1.00
-89.22,-78.17,0.00,1.00
32.26,-110.87,0.00,1.00
-110.96,38.11,0.00,1.00
69.22,-74.97,0.00,1.00
66.99,182.04,0.00,1.00
-116.55,-172.65,0.00,1.00
-146.67,-128.64,0.00,1.00
60.84,-204.88,0.00,1.00
-64.71,-95.70,0.00,1.00
206.37,55.24,0.00,1.00
165.82,108.93,0.00,1.00
24.00,98.45,0.00,1.00
5.96,209.85,0.00,1.00
88.91,174.66,0.00,1.00
-80.95,187.26,0.00,1.00
89.03,47.58,0.00,1.00
178.85,-54.02,0.00,1.00
-129.87,186.78,0.00,1.00
-104.71,8.57,0.00,1.00
131.29,-136.05,0.00,1.00
-201.91,-42.11,0.00,1.00
-189.19,-32.11,0.00,1.00
105.63,34.94,0.00,1.00
-13.64,97.34,0.00,1.00
101.67,-4.02,0.00,1.00
-9.26,110.12,0.00,1.00
162.68,-73.60,0.00,1.00
-101.42,19.10,0.00,1.00
-45.91,-83.69,0.00,1.00
-4.25,-100.18,0.00,1.00
25.99,-99.32,0.00,1.00
1.54,-109.42,0.00,1.00
-66.18,89.60,0.00,1.00
-67.47,-70.17,0.00,1.00
-201.47,48.58,0.00,1.00
-115.64,170.73,0.00,1.00
27.20,229.83,0.00,1.00
-78.17,58.37,0.00,1.00
-138.02,-153.40,0.00,1.00
73.79,-59.61,0.00,1.00
81.14,-61.85,0.00,1.00
-103.88,-61.71,0.00,1.00
97.74,0.15,0.00,1.00
31.78,-107.47,0.00,1.00
87.26,61.63,0.00,1.00
24.56,97.33,0.00,1.00
-109.74,7.26,0.00,1.00
174.10,85.86,0.00,1.00
96.31,0.33,0.00,1.00
-30.45,95.39,0.00,1.00
55.44,-182.44,0.00,1.00
-105.61,-42.14,0.00,1.00
-74.46,100.67,0.00,1.00
-172.34,114.09,0.00,1.00
56.98,-187.00,0.00,1.00
192.27,-23.16,0.00,1.00
-77.44,62.83,0.00,1.00
-97.40,28.89,0.00,1.00
10.65,-111.88,0.00,1.00
-68.57,-45.47,0.00,1.00
-5.82,92.29,0.00,1.00
-201.07,-5.20,0.00,1.00
-127.98,164.63,0.00,1.00
-50.47,102.07,0.00,1.00
112.16,-51.22,0.00,1.00
-162.89,-120.61,0.00,1.00
74.21,-25.89,0.00,1.00
6.38,103.16,0.00,1.00
-0.99,-107.25,0.00,1.00
72.50,21.11,0.00,1.00
-18.87,192.19,0.00,1.00
29.02,-75.47,0.00,1.00
-101.87,178.66,0.00,1.00
32.04,178.98,0.00,1.00
43.37,-103.02,0.00,1.00
41.82,88.93,0.00,1.00
-80.81,92.61,0.00,1.00
-47.22,-215.77,0.00,1.00
14.54,-102.34,0.00,1.00
-112.23,-3.17,0.00,1.00
3.28,-104.59,0.00,1.00
-36.50,96.83,0.00,1.00
-172.77,116.69,0.00,1.00
-84.55,28.29,0.00,1.00
2.48,-90.44,0.00,1.00
65.71,-222.54,0.00,1.00
30.95,-213.00,0.00,1.00
-14.18,-213.81,0.00,1.00
11.78,91.46,0.00,1.00
32.92,117.51,0.00,1.00
-196.48,-67.13,0.00,1.00
-77.77,72.28,0.00,1.00
-98.42,-25.82,0.00,1.00
-188.02,-62.28,0.00,1.00
193.78,-41.00,0.00,1.00
15.25,206.00,0.00,1.00
192.35,62.32,0.00,1.00
79.98,-76.44,0.00,1.00
56.79,97.15,0.00,1.00
7.83,-209.38,0.00,1.00
175.80,99.26,0.00,1.00
-129.39,-191.37,0.00,1.00
194.88,-34.03,0.00,1.00
81.82,53.37,0.00,1.00
-191.28,-32.92,0.00,1.00
77.63,-192.44,0.00,1.00
110.89,-7.83,0.00,1.00
198.22,36.47,0.00,1.00
-84.87,38.82,0.00,1.00
-41.10,94.53,0.00,1.00
20.50,196.42,0.00,1.00
-103.51,-60.16,0.00,1.00
-163.10,-81.97,0.00,1.00
-73.43,-65.64,0.00,1.00
-8.37,-205.64,0.00,1.00
134.17,137.48,0.00,1.00
-94.55,28.33,0.00,1.00
26.64,91.88,0.00,1.00
-92.78,57.14,0.00,1.00
-101.44,-17.08,0.00,1.00
100.27,32.51,0.00,1.00
73.64,185.11,0.00,1.00
-60.69,94.80,0.00,1.00
-76.75,-65.09,0.00,1.00
50.78,112.10,0.00,1.00
42.45,-114.75,0.00,1.00
95.67,14.71,0.00,1.00
-191.47,-95.39,0.00,1.00
-198.91,118.74,0.00,1.00
-60.32,96.21,0.00,1.00
96.05,-42.90,0.00,1.00
25.04,-204.16,0.00,1.00
-107.19,0.62,0.00,1.00
-129.89,-151.99,0.00,1.00
-70.81,-195.79,0.00,1.00
-168.44,121.04,0.00,1.00
-48.58,-86.19,0.00,1.00
-100.81,-2.14,0.00,1.00
172.13,118.70,0.00,1.00
74.14,-24.82,0.00,1.00
65.46,68.13,0.00,1.00
-19.19,-110.44,0.00,1.00
22.70,85.00,0.00,1.00
-44.26,-78.29,0.00,1.00
48.59,88.60,0.00,1.00
-6.76,214.28,0.00,1.00
179.43,96.80,0.00,1.00
-112.46,-5.29,0.00,1.00
62.94,85.05,0.00,1.00
47.98,-92.58,0.00,1.00
-40.33,203.98,0.00,1.00
-39.94,103.42,0.00,1.00
-83.79,-189.89,0.00,1.00
-102.72,51.97,0.00,1.00
5.07,108.90,0.00,1.00
-153.03,138.54,0.00,1.00
-115.39,-4.76,0.00,1.00
55.45,-73.76,0.00,1.00
151.16,-157.76,0.00,1.00
31.71,-80.25,0.00,1.00
2.10,203.46,0.00,1.00
-45.89,197.26,0.00,1.00
50.86,204.40,0.00,1.00
-203.38,-5.48,0.00,1.00
10.60,200.52,0.00,1.00
-27.42,108.07,0.00,1.00
109.97,-31.35,0.00,1.00
-107.59,44.62,0.00,1.00
120.41,168.60,0.00,1.00
94.07,21.49,0.00,1.00
162.16,106.52,0.00,1.00
76.91,190.64,0.00,1.00
97.87,-4.56,0.00,1.00
95.31,-8.23,0.00,1.00
2.74,107.62,0.00,1.00
-42.69,-96.25,0.00,1.00
-88.77,-42.59,0.00,1.00
-74.85,-76.95,0.00,1.00
169.74,-92.24,0.00,1.00
166.06,-97.73,0.00,1.00
52.02,89.22,0.00,1.00
151.93,110.06,0.00,1.00
-125.94,-32.98,0.00,1.00
-8.92,-207.15,0.00,1.00
-5.49,-88.93,0.00,1.00
157.72,-148.48,0.00,1.00
97.95,-29.39,0.00,1.00
-61.66,-108.94,0.00,1.00
-40.78,-105.22,0.00,1.00
-166.65,-127.29,0.00,1.00
-58.55,195.49,0.00,1.00
76.67,87.98,0.00,1.00
-27.61,-117.59,0.00,1.00
142.96,-131.45,0.00,1.00
-115.98,169.40,0.00,1.00
-41.22,120.73,0.00,1.00
-38.42,-90.99,0.00,1.00
58.92,80.27,0.00,1.00
-157.75,-130.52,0.00,1.00
10.21,-200.42,0.00,1.00
60.17,-194.77,0.00,1.00
51.11,-83.38,0.00,1.00
94.12,53.08,0.00,1.00
87.56,39.55,0.00,1.00
-88.93,-42.24,0.00,1.00
98.83,191.32,0.00,1.00
33.39,-120.45,0.00,1.00
-146.71,170.12,0.00,1.00
-14.96,219.44,0.00,1.00
-70.26,-88.83,0.00,1.00
-60.33,187.89,0.00,1.00
-160.69,-138.02,0.00,1.00
105.32,19.48,0.00,1.00
-94.78,53.32,0.00,1.00
-202.20,-31.45,0.00,1.00
-112.72,16.29,0.00,1.00
-162.43,161.31,0.00,1.00
-105.15,-49.89,0.00,1.00
-155.62,121.46,0.00,1.00
-211.43,56.80,0.00,1.00
167.35,-89.12,0.00,1.00
-205.37,-40.67,0.00,1.00
-194.91,-34.22,0.00,1.00
60.81,100.03,0.00,1.00
8.91,130.89,0.00,1.00
-11.97,223.07,0.00,1.00
15.79,-218.14,0.00,1.00
170.31,-54.26,0.00,1.00
-209.77,10.14,0.00,1.00
-106.37,-41.70,0.00,1.00
-168.09,-119.43,0.00,1.00
-113.33,18.24,0.00,1.00
-50.97,-205.27,0.00,1.00
141.11,130.82,0.00,1.00
-25.97,99.19,0.00,1.00
4.06,-221.65,0.00,1.00
204.45,40.84,0.00,1.00
161.68,166.55,0.00,1.00
-77.86,-71.13,0.00,1.00
105.99,-5.37,0.00,1.00
-45.59,184.70,0.00,1.00
14.66,-219.85,0.00,1.00
115.30,168.05,0.00,1.00
-196.95,25.53,0.00,1.00
88.42,209.34,0.00,1.00
-102.91,-193.31,0.00,1.00
-47.12,-98.01,0.00,1.00
204.44,-18.66,0.00,1.00
-200.36,-8.09,0.00,1.00
41.41,83.82,0.00,1.00
-209.75,-39.72,0.00,1.00
-92.40,21.86,0.00,1.00
-38.32,-103.30,0.00,1.00
-196.21,-53.05,0.00,1.00
37.54,93.23,0.00,1.00
20.60,-101.83,0.00,1.00
-103.36,23.96,0.00,1.00
-104.97,-21.16,0.00,1.00
-199.88,-13.84,0.00,1.00
199.24,33.76,0.00,1.00
166.28,77.53,0.00,1.00
-45.54,99.18,0.00,1.00
63.45,-54.71,0.00,1.00
19.94,-112.84,0.00,1.00
57.72,-86.79,0.00,1.00
63.59,-76.08,0.00,1.00
210.66,-73.22,0.00,1.00
125.92,145.26,0.00,1.00
99.44,3.99,0.00,1.00
-69.78,204.90,0.00,1.00
-25.39,115.20,0.00,1.00
-73.77,39.26,0.00,1.00
-122.23,173.76,0.00,1.00
-59.94,-198.70,0.00,1.00
-55.35,-192.79,0.00,1.00
5.51,-215.39,0.00,1.00
149.15,172.71,0.00,1.00
-83.47,39.29,0.00,1.00
156.29,-98.75,0.00,1.00
-80.84,209.70,0.00,1.00
53.81,-94.60,0.00,1.00
-66.41,88.79,0.00,1.00
-104.38,193.67,0.00,1.00
87.56,-54.10,0.00,1.00
-26.62,-92.00,0.00,1.00
83.40,-10.37,0.00,1.00
48.77,77.86,0.00,1.00
-9.21,-196.77,0.00,1.00
91.11,-30.91,0.00,1.00
142.17,137.37,0.00,1.00
177.13,112.22,0.00,1.00
-110.46,8.81,0.00,1.00
-83.14,72.61,0.00,1.00
83.02,-54.43,0.00,1.00
-25.24,-92.06,0.00,1.00
-181.74,-110.83,0.00,1.00
80.02,62.62,0.00,1.00
-181.50,100.41,0.00,1.00
188.63,-3.47,0.00,1.00
194.48,-84.42,0.00,1.00
-95.67,-170.96,0.00,1.00
34.64,-221.75,0.00,1.00
-109.50,-193.71,0.00,1.00
210.04,31.42,0.00,1.00
79.16,-59.96,0.00,1.00
-24.10,84.47,0.00,1.00
189.44,-62.91,0.00,1.00
-160.62,-141.71,0.00,1.00
-100.09,-28.97,0.00,1.00
101.71,6.63,0.00,1.00
27.21,87.55,0.00,1.00
-117.55,193.87,0.00,1.00
-61.18,-90.18,0.00,1.00
-79.65,51.88,0.00,1.00
-86.53,-21.82,0.00,1.00
-120.47,-152.10,0.00,1.00
-158.11,-116.13,0.00,1.00
-199.64,62.69,0.00,1.00
-17.04,105.59,0.00,1.00
-83.95,-44.60,0.00,1.00
-68.20,-91.64,0.00,1.00
13.21,-96.06,0.00,1.00
-97.51,49.95,0.00,1.00
-94.75,-209.30,0.00,1.00
69.69,64.61,0.00,1.00
-51.42,82.52,0.00,1.00
44.79,-108.37,0.00,1.00
-105.67,55.90,0.00,1.00
38.61,77.42,0.00,1.00
-8.09,205.52,0.00,1.00
-189.62,54.22,0.00,1.00
102.54,-4.00,0.00,1.00
-125.54,-146.17,0.00,1.00
128.58,142.09,0.00,1.00
47.66,96.53,0.00,1.00
97.26,-15.88,0.00,1.00
166.53,113.69,0.00,1.00
161.65,-108.46,0.00,1.00
70.51,-62.87,0.00,1.00
96.87,-189.94,0.00,1.00
92.75,5.98,0.00,1.00
102.46,-18.16,0.00,1.00
24.57,114.75,0.00,1.00
-214.21,6.75,0.00,1.00
77.58,9.94,0.00,1.00
110.86,171.58,0.00,1.00
56.62,-183.08,0.00,1.00
-194.57,76.75,0.00,1.00
-173.85,134.45,0.00,1.00
-182.45,90.85,0.00,1.00
-69.13,-81.10,0.00,1.00
-130.37,-154.26,0.00,1.00
-59.60,96.93,0.00,1.00
-5.51,-212.89,0.00,1.00
69.10,75.22,0.00,1.00
199.77,-61.73,0.00,1.00
85.87,14.39,0.00,1.00
101.72,6.98,0.00,1.00
-63.17,81.16,0.00,1.00
-133.44,-163.65,0.00,1.00
-12.50,206.24,0.00,1.00
35.13,-100.23,0.00,1.00
-98.08,-189.63,0.00,1.00
-27.84,-214.75,0.00,1.00
51.02,-73.74,0.00,1.00
27.71,203.78,0.00,1.00
46.98,-189.87,0.00,1.00
193.92,34.09,0.00,1.00
102.75,7.44,0.00,1.00
-44.12,100.73,0.00,1.00
102.45,-15.02,0.00,1.00
-191.27,-14.83,0.00,1.00
107.39,-152.59,0.00,1.00
-81.59,-173.92,0.00,1.00
-15.73,-103.90,0.00,1.00
184.04,94.76,0.00,1.00
-110.74,24.07,0.00,1.00
-95.80,185.42,0.00,1.00
62.24,203.71,0.00,1.00
-78.10,-79.01,0.00,1.00
99.45,184.35,0.00,1.00
-119.38,-174.69,0.00,1.00
-69.10,-207.99,0.00,1.00
-54.88,99.00,0.00,1.00
80.19,-42.11,0.00,1.00
-107.84,-31.79,0.00,1.00
180.79,-119.82,0.00,1.00
-165.90,-144.04,0.00,1.00
-139.43,-134.51,0.00,1.00
-98.76,15.15,0.00,1.00
-84.64,200.77,0.00,1.00
-51.53,74.69,0.00,1.00
-51.76,197.13,0.00,1.00
192.25,44.75,0.00,1.00
172.58,19.55,0.00,1.00
6.40,-229.67,0.00,1.00
-202.30,77.70,0.00,1.00
85.80,17.41,0.00,1.00
-19.64,209.54,0.00,1.00
-193.17,-93.31,0.00,1.00
-135.49,148.94,0.00,1.00
122.47,-172.76,0.00,1.00
-200.08,91.88,0.00,1.00
-15.29,217.94,0.00,1.00
61.82,-46.02,0.00,1.00
161.46,72.77,0.00,1.00
-186.64,38.98,0.00,1.00
176.59,-37.92,0.00,1.00
76.13,200.54,0.00,1.00
-172.65,99.18,0.00,1.00
-103.55,-28.53,0.00,1.00
-194.05,45.10,0.00,1.00
-113.45,5.81,0.00,1.00
-189.20,-45.44,0.00,1.00
-97.74,-188.84,0.00,1.00
36.37,-212.23,0.00,1.00
50.14,61.76,0.00,1.00
34.49,-68.05,0.00,1.00
70.36,-81.18,0.00,1.00
-52.19,-74.21,0.00,1.00
-66.12,93.57,0.00,1.00
37.05,-204.72,0.00,1.00
-18.33,-126.30,0.00,1.00
0.43,-216.23,0.00,1.00
5.85,103.46,0.00,1.00
-44.56,-102.15,0.00,1.00
131.84,-141.51,0.00,1.00
-16.04,-204.70,0.00,1.00
80.33,32.59,0.00,1.00
90.75,-62.77,0.00,1.00
108.12,11.42,0.00,1.00
132.00,-142.08,0.00,1.00
-105.73,63.31,0.00,1.00
197.27,6.32,0.00,1.00
-118.41,-31.71,0.00,1.00
-108.27,-177.18,0.00,1.00
-155.28,143.97,0.00,1.00
44.51,108.36,0.00,1.00
105.18,-170.62,0.00,1.00
191.10,9.25,0.00,1.00
-124.97,-181.50,0.00,1.00
51.87,-168.91,0.00,1.00
120.94,-143.54,0.00,1.00
84.36,-61.86,0.00,1.00
-113.75,-180.47,0.00,1.00
-59.82,82.20,0.00,1.00
47.98,-94.07,0.00,1.00
-177.17,-127.20,0.00,1.00
146.31,-114.00,0.00,1.00
-46.95,-73.47,0.00,1.00
73.77,54.56,0.00,1.00
-86.70,185.98,0.00,1.00
-64.55,-88.46,0.00,1.00
-47.58,79.61,0.00,1.00
-8.40,-203.67,0.00,1.00
-42.14,-97.03,0.00,1.00
21.03,100.70,0.00,1.00
-89.65,64.69,0.00,1.00
61.69,-69.41,0.00,1.00
-196.95,70.18,0.00,1.00
88.65,56.80,0.00,1.00
-187.27,-88.39,0.00,1.00
-63.05,-94.40,0.00,1.00
-25.06,89.62,0.00,1.00
84.03,62.39,0.00,1.00
8.20,-88.98,0.00,1.00
-122.61,-155.62,0.00,1.00
59.27,-208.16,0.00,1.00
-98.37,-14.59,0.00,1.00
126.91,-140.55,0.00,1.00
-56.84,69.98,0.00,1.00
-15.74,92.00,0.00,1.00
36.92,107.42,0.00,1.00
-76.65,98.56,0.00,1.00
92.22,10.53,0.00,1.00
-34.95,81.05,0.00,1.00
186.13,68.84,0.00,1.00
60.82,-95.43,0.00,1.00
190.60,13.23,0.00,1.00
197.54,-2.36,0.00,1.00
-3.18,-113.12,0.00,1.00
83.35,-59.20,0.00,1.00
65.68,-183.31,0.00,1.00
99.04,-13.85,0.00,1.00
70.26,25.26,0.00,1.00
-42.38,-97.00,0.00,1.00
34.31,75.68,0.00,1.00
-153.81,-157.80,0.00,1.00
83.52,-74.47,0.00,1.00
181.27,60.22,0.00,1.00
-71.17,-191.31,0.00,1.00
90.59,-166.37,0.00,1.00
-83.12,97.52,0.00,1.00
21.77,108.60,0.00,1.00
-30.66,95.92,0.00,1.00
-70.69,-74.86,0.00,1.00
118.59,157.48,0.00,1.00
6.78,-110.99,0.00,1.00
80.47,-55.43,0.00,1.00
7.69,-102.42,0.00,1.00
99.56,-3.64,0.00,1.00
-202.94,-46.14,0.00,1.00
109.61,-164.76,0.00,1.00
131.06,-167.20,0.00,1.00
59.12,100.00,0.00,1.00
90.01,-188.60,0.00,1.00
-102.25,-4.90,0.00,1.00
179.76,-84.74,0.00,1.00
-87.79,-57.57,0.00,1.00
-208.60,-41.88,0.00,1.00
-43.68,220.61,0.00,1.00
202.83,95.04,0.00,1.00
99.33,-187.29,0.00,1.00
86.91,-32.73,0.00,1.00
42.78,-94.33,0.00,1.00
-82.00,-50.94,0.00,1.00
-50.46,-224.56,0.00,1.00
95.04,200.18,0.00,1.00
92.85,20.58,0.00,1.00
-206.08,7.82,0.00,1.00
21.40,219.29,0.00,1.00
94.78,16.26,0.00,1.00
-25.16,112.98,0.00,1.00
141.44,130.15,0.00,1.00
76.28,178.12,0.00,1.00
-107.40,-192.43,0.00,1.00
-76.81,-183.48,0.00,1.00
88.77,189.42,0.00,1.00
127.22,143.12,0.00,1.00
-189.28,23.17,0.00,1.00
187.95,43.08,0.00,1.00
-110.21,-193.40,0.00,1.00
-106.07,-180.50,0.00,1.00
81.47,8.45,0.00,1.00
-80.53,190.03,0.00,1.00
-158.33,130.99,0.00,1.00
-138.30,-123.36,0.00,1.00
68.61,209.11,0.00,1.00
-211.42,41.74,0.00,1.00
-64.21,81.47,0.00,1.00
-214.12,-4.71,0.00,1.00
133.53,119.72,0.00,1.00
-194.75,-106.59,0.00,1.00
-87.86,-191.76,0.00,1.00
-152.80,161.16,0.00,1.00
15.63,-209.61,0.00,1.00
-10.82,-206.17,0.00,1.00
58.42,-71.15,0.00,1.00
-48.53,-206.66,0.00,1.00
17.84,-111.25,0.00,1.00
-81.91,52.80,0.00,1.00
10.99,-113.87,0.00,1.00
45.04,-194.92,0.00,1.00
133.02,-163.49,0.00,1.00
12.93,94.59,0.00,1.00
183.92,37.84,0.00,1.00
-19.51,120.81,0.00,1.00
-214.15,4.37,0.00,1.00
34.54,91.04,0.00,1.00
92.78,35.16,0.00,1.00
-77.08,-69.48,0.00,1.00
-8.97,-102.79,0.00,1.00
-124.04,-178.21,0.00,1.00
156.54,146.98,0.00,1.00
-57.39,88.98,0.00,1.00
-90.70,-41.41,0.00,1.00
22.77,211.39,0.00,1.00
172.06,-87.20,0.00,1.00
54.40,201.49,0.00,1.00
-100.78,-5.81,0.00,1.00
162.14,-122.40,0.00,1.00
-44.14,-207.18,0.00,1.00
-40.16,-206.74,0.00,1.00
73.35,55.41,0.00,1.00
91.94,-30.84,0.00,1.00
-134.72,167.24,0.00,1.00
196.39,-51.21,0.00,1.00
-58.65,208.02,0.00,1.00
86.79,-46.31,0.00,1.00
68.70,-185.60,0.00,1.00
198.04,23.73,0.00,1.00
32.28,211.49,0.00,1.00
-52.44,-88.11,0.00,1.00
-119.28,-8.85,0.00,1.00
57.47,-203.98,0.00,1.00
-108.67,-27.72,0.00,1.00
80.82,162.69,0.00,1.00
77.90,-201.23,0.00,1.00
96.33,-189.65,0.00,1.00
-99.96,-64.99,0.00,1.00
72.59,58.27,0.00,1.00
-109.97,195.53,0.00,1.00
62.23,81.26,0.00,1.00
40.79,111.89,0.00,1.00
-113.10,-12.50,0.00,1.00
113.12,172.80,0.00,1.00
33.75,-84.26,0.00,1.00
-19.24,-221.59,0.00,1.00
181.96,49.25,0.00,1.00
94.46,-38.91,0.00,1.00
77.77,0.87,0.00,1.00
-145.74,-150.53,0.00,1.00
73.84,-191.46,0.00,1.00
-47.61,87.97,0.00,1.00
-93.95,176.99,0.00,1.00
-132.99,146.66,0.00,1.00
-57.08,-201.12,0.00,1.00
-33.33,82.63,0.00,1.00
-12.05,-85.90,0.00,1.00
84.10,-31.25,0.00,1.00
182.05,-114.74,0.00,1.00
-204.33,55.68,0.00,1.00
148.17,-137.42,0.00,1.00
-175.97,-82.45,0.00,1.00
-66.72,82.54,0.00,1.00
-103.90,-180.78,0.00,1.00
-163.54,-110.56,0.00,1.00
-77.52,-36.14,0.00,1.00
-41.69,111.18,0.00,1.00
100.04,44.75,0.00,1.00
-198.39,100.17,0.00,1.00
52.28,-83.96,0.00,1.00
173.26,97.51,0.00,1.00
-182.64,72.25,0.00,1.00
187.93,-3.26,0.00,1.00
9.48,83.02,0.00,1.00
-195.38,102.65,0.00,1.00
-92.58,31.96,0.00,1.00
64.80,-82.39,0.00,1.00
-220.10,75.84,0.00,1.00
83.88,-12.98,0.00,1.00
-94.31,-16.81,0.00,1.00
108.27,149.72,0.00,1.00
-103.74,-30.40,0.00,1.00
65.56,218.32,0.00,1.00
193.38,-11.84,0.00,1.00
-117.54,182.49,0.00,1.00
214.83,16.49,0.00,1.00
-56.57,97.62,0.00,1.00
